Target Table,Field Name,Alias Name
SWS_CUS_PSRCUSTOMERS,OBJECTID,OBJECTID
SWS_CUS_PSRCUSTOMERS,BP,BP Number
SWS_CUS_PSRCUSTOMERS,UPRN,UPRN
SWS_CUS_PSRCUSTOMERS,CW_PSR_PRIORITY,Water Priority Rating
SWS_CUS_PSRCUSTOMERS,WW_PSR_PRIORITY,Wastewater Priority Rating
SWS_CUS_PSRCUSTOMERS,Shape,Shape
SWS_CUS_PSRCUSTOMERS,BUILDING_NUMBER,Building Number
SWS_CUS_PSRCUSTOMERS,BUILDING_NAME,Building Name
SWS_CUS_PSRCUSTOMERS,SUB_BUILDING_NAME,Sub Building Number + Sub Building Name
SWS_CUS_PSRCUSTOMERS,STREET,Street
SWS_CUS_PSRCUSTOMERS,LOCALITY,Locality
SWS_CUS_PSRCUSTOMERS,TOWN_NAME,Town Name
SWS_CUS_PSRCUSTOMERS,POSTCODE,Post Code
SWS_CUS_PSRCUSTOMERS,DATE_MODIFIED,Date_Modified
SWS_CUS_PSRCUSTOMERS,CREATOR,Creator
SWS_CUS_PSRCUSTOMERS,CREATIONDATE,Creation Date
SWS_CUS_PSRCUSTOMERS,UPDATEDBY,Updated By
SWS_CUS_PSRCUSTOMERS,LASTUPDATE,Last Update
