{
  "Headertext": "Geographic Information",
  "AddresspointMessage": "Select addresspoint",
  "BuildingMessage": "Selected address point did not have any buildings attached",
  "WaterHardnessmessage": "Failed to fetch Waterhardness for selected address point or building",
  "Osgridmessage": "Failed to fetch osGrid data for selected address point or building",
  "Section104Message": "Failed to fetch Aggrementdate/Aggrement number for selected address point or building",
  "AddressLayer": {
    "url": "https://dv-gis.dev.southernwater.co.uk/server/rest/services/Address/COR_RO_ADDRESSPOINT/FeatureServer/5",
    "fields": [
      "UPRN",
      "ORGANISATION",
      "SUB_BUILDING_NUMBER",
      "SUB_BUILDING_NAME",
      "BUILDING_NUMBER",
      "BUILDING_NAME",
      "STREETDESCRIPTION",
      "LOCALITY",
      "TOWNNAME",
      "ADMINISTRATIVEAREA",
      "POSTCODELOCATOR"
    ],
    "alias_name": [
      "UPRN",
      "Organisation",
      "Sub-Building Number",
      "Sub-Building Name",
      "Building Number",
      "Building Name",
      "Street",
      "Locality",
      "Town Name",
      "Administrative Area",
      "Postcode"
    ]
  },
  "BuildingsLayer": "https://dv-gis.dev.southernwater.co.uk/server/rest/services/OS/ORD_RO_OSData/FeatureServer/0",
  "GridLayer": "https://dv-gis.dev.southernwater.co.uk/server/rest/services/OS/ORD_RO_OSData/FeatureServer/4",
  "Waterzonalboundary": {
    "url": "https://dv-gis.dev.southernwater.co.uk/server/rest/services/Address/COR_RO_ADDRESSPOINT/FeatureServer/28",
    "fields": [
      "AVG_RESULT",
      "WATER_SUPPLY_ZONE"
    ],
    "alias_name": [
      
      "Average Water Hardness(mg\\L)",
      "Water Supply Zone"

    ] 
     
    
  },
  "Section104": "https://dv-gis.dev.southernwater.co.uk/server/rest/services/LandMgmt/COR_RO_LANDMANAGEMENT/FeatureServer/12",
  "Buildoverhatch": "https://dv-gis.dev.southernwater.co.uk/server/rest/services/LandMgmt/COR_RO_LANDMANAGEMENT/FeatureServer/13",
  "AggrementDate": "10-1-2011",
  "AggrementDateHatch": "1989",
  "Layers": [
    {
      "Id": 0,
      "Layerurl": "https://dv-gis.dev.southernwater.co.uk/server/rest/services/Waste/COR_RO_WASTE/FeatureServer/20",
      "Where": "ASSETGROUP=5 and OWNERSHIP=2",
      "Distance": "30.48",
      "Section": "2.5",
      "description": "Does the public sewer map indicate any public sewer within 30.48 meters (100 feet) of any buildings within the property?"
     
    },
    {
      "Id": 1,
      "Layerurl": "https://dv-gis.dev.southernwater.co.uk/server/rest/services/Operations/COR_RO_SITES/FeatureServer/6",
      "Where": "TYPE_DESCRIPTION = 'WASTEWATER PUMPING STATION'",
      "Distance": "50",
      "Section": "2.5.1",
      "description": "Does the public sewer map indicate any public pumping station or any other ancillary apparatus within 50 metres of any buildings within the property?"     
    },
    {
      "Id": 2,
      "Layerurl": "https://dv-gis.dev.southernwater.co.uk/server/rest/services/Waste/COR_RO_WASTE/FeatureServer/20",
      "Where": "ASSETGROUP=5 and (ASSETTYPE =4 or ASSETTYPE =11)",
      "Distance": "30",
      "Section": "2.6",
      "description": "Are any sewers or lateral drains serving or which are proposed to serve the property the subject of an existing adoption agreement or an application for such an agreement?"     
    },
    {
      "Id": 3,
      "Layerurl": "https://dv-gis.dev.southernwater.co.uk/server/rest/services/LandMgmt/COR_RO_LANDMANAGEMENT/FeatureServer/13",
      "Where": "1=1",
      "Distance": "",
      "Section": "2.7",
      "description": "Has the sewerage undertaker approved or been consulted about any plans to erect a building or extension on the property over or in the vicinity of a public sewer, disposal main or drain?"     
    }
  ]
}
