{
  "name": "CSVToFeaturelayer",
  "displayName": "CSVToFeaturelayer",
  "description": "Tool to convert uploaded csv file to feature layer. The CSVFile refers to file uploaded by user",
  "category": "",
  "helpUrl": "https://dv-gis.dev.southernwater.co.uk/server/rest/directories/arcgisoutput/Geoprocessing/CSVToFeaturelayer_GPServer/Geoprocessing_CSVToFeaturelayer/CSVToFeaturelayer.htm",
  "serverInfo": {
    "currentVersion": 10.91,
    "url": "https://dv-gis.dev.southernwater.co.uk/server/rest/services/Geoprocessing/CSVToFeaturelayer/GPServer/",
    "hasResultMapServer": false,
    "resultMapServerName": "",
    "supportsUpload": true,
    "maxUploadFileSize": 2000
  },
  "useResultMapServer": false,
  "taskUrl": "https://dv-gis.dev.southernwater.co.uk/server/rest/services/Geoprocessing/CSVToFeaturelayer/GPServer/CSVToFeaturelayer",
  "isSynchronous": false,
  "inputParams": [
    {
      "name": "CSVFile",
      "dataType": "GPDataFile",
      "description": "Uploaded file from user",
      "defaultValue": "itemID:",
      "category": "",
      "label": "CSVFile",
      "visible": true,
      "required": true,
      "tooltip": "CSVFile"
    },
    {
      "name": "esri_out_feature_service_name",
      "dataType": "GPString",
      "description": "The name of the optional feature service to create on the federated server containing the result of this tool. If no name is specified an output feature service will not be created.",
      "defaultValue": null,
      "category": "",
      "label": "Output Feature Service Name",
      "visible": false,
      "required": false,
      "tooltip": "Output Feature Service Name"
    }
  ],
  "outputParams": [
    {
      "name": "Overlay Point Output",
      "dataType": "GPFeatureRecordSetLayer",
      "description": "",
      "defaultValue": {
        "displayFieldName": "",
        "geometryType": "esriGeometryPoint",
        "spatialReference": {
          "wkid": 27700,
          "latestWkid": 27700
        },
        "fields": [
          {
            "name": "OBJECTID",
            "type": "esriFieldTypeOID",
            "alias": "OBJECTID"
          },
          {
            "name": "OID_",
            "type": "esriFieldTypeInteger",
            "alias": "OID_"
          },
          {
            "name": "UPRN",
            "type": "esriFieldTypeDouble",
            "alias": "UPRN"
          },
          {
            "name": "LOGICALSTATUS",
            "type": "esriFieldTypeInteger",
            "alias": "LOGICALSTATUS"
          },
          {
            "name": "SAOTEXT",
            "type": "esriFieldTypeString",
            "alias": "SAOTEXT",
            "length": 8000
          },
          {
            "name": "LOCALITY",
            "type": "esriFieldTypeString",
            "alias": "LOCALITY",
            "length": 8000
          },
          {
            "name": "TOWNNAME",
            "type": "esriFieldTypeString",
            "alias": "TOWNNAME",
            "length": 8000
          },
          {
            "name": "TOID",
            "type": "esriFieldTypeDouble",
            "alias": "TOID"
          },
          {
            "name": "Easting",
            "type": "esriFieldTypeDouble",
            "alias": "Easting"
          },
          {
            "name": "Northing",
            "type": "esriFieldTypeDouble",
            "alias": "Northing"
          }
        ],
        "features": [],
        "exceededTransferLimit": false
      },
      "category": "",
      "label": "Overlay Point Output",
      "visible": true,
      "required": false,
      "featureSetMode": "layers"
    }
  ],
  "shareResults": true,
  "layerOrder": [
    "Overlay Point Output"
  ],
  "showExportButton": false
}
