{
  "name": "GeocodeAddress",
  "displayName": "GeocodeAddress",
  "description": "Batch Geocode addresses from uploaded CSV",
  "category": "",
  "helpUrl": "https://dv-gis.dev.southernwater.co.uk/server/rest/directories/arcgisoutput/Geoprocessing/GeocodeAddress_GPServer/Geoprocessing_GeocodeAddress/GeocodeAddress.htm",
  "serverInfo": {
    "currentVersion": 10.91,
    "url": "https://dv-gis.dev.southernwater.co.uk/server/rest/services/Geoprocessing/GeocodeAddress/GPServer/",
    "hasResultMapServer": false,
    "resultMapServerName": "",
    "supportsUpload": true,
    "maxUploadFileSize": 2000
  },
  "useResultMapServer": false,
  "taskUrl": "https://dv-gis.dev.southernwater.co.uk/server/rest/services/Geoprocessing/GeocodeAddress/GPServer/GeocodeAddress",
  "isSynchronous": false,
  "inputParams": [
    {
      "name": "CSVFile",
      "dataType": "GPDataFile",
      "description": "Batch Geocode",
      "defaultValue": "itemID:",
      "category": "",
      "label": "CSVFile",
      "visible": true,
      "required": true,
      "tooltip": "CSVFile"
    },
    {
      "name": "esri_out_feature_service_name",
      "dataType": "GPString",
      "description": "The name of the optional feature service to create on the federated server containing the result of this tool. If no name is specified an output feature service will not be created.",
      "defaultValue": null,
      "category": "",
      "label": "Output Feature Service Name",
      "visible": false,
      "required": false,
      "tooltip": "Output Feature Service Name"
    }
  ],
  "outputParams": [
    {
      "name": "Overlay Address Point Output",
      "dataType": "GPFeatureRecordSetLayer",
      "description": "",
      "defaultValue": {
        "displayFieldName": "",
        "geometryType": "esriGeometryPoint",
        "spatialReference": {
          "wkid": 27700,
          "latestWkid": 27700
        },
        "fields": [
          {
            "name": "ObjectID",
            "type": "esriFieldTypeOID",
            "alias": "ObjectID"
          },
          {
            "name": "Loc_name",
            "type": "esriFieldTypeString",
            "alias": "Loc_name",
            "length": 14
          },
          {
            "name": "Status",
            "type": "esriFieldTypeString",
            "alias": "Status",
            "length": 1
          },
          {
            "name": "Score",
            "type": "esriFieldTypeDouble",
            "alias": "Score"
          },
          {
            "name": "Match_type",
            "type": "esriFieldTypeString",
            "alias": "Match_type",
            "length": 2
          },
          {
            "name": "Match_addr",
            "type": "esriFieldTypeString",
            "alias": "Match_addr",
            "length": 500
          },
          {
            "name": "LongLabel",
            "type": "esriFieldTypeString",
            "alias": "LongLabel",
            "length": 500
          },
          {
            "name": "ShortLabel",
            "type": "esriFieldTypeString",
            "alias": "ShortLabel",
            "length": 500
          },
          {
            "name": "Addr_type",
            "type": "esriFieldTypeString",
            "alias": "Addr_type",
            "length": 20
          },
          {
            "name": "Type",
            "type": "esriFieldTypeString",
            "alias": "Type",
            "length": 50
          },
          {
            "name": "PlaceName",
            "type": "esriFieldTypeString",
            "alias": "PlaceName",
            "length": 200
          },
          {
            "name": "Place_addr",
            "type": "esriFieldTypeString",
            "alias": "Place_addr",
            "length": 500
          },
          {
            "name": "Phone",
            "type": "esriFieldTypeString",
            "alias": "Phone",
            "length": 25
          },
          {
            "name": "URL",
            "type": "esriFieldTypeString",
            "alias": "URL",
            "length": 250
          },
          {
            "name": "Rank",
            "type": "esriFieldTypeDouble",
            "alias": "Rank"
          },
          {
            "name": "AddBldg",
            "type": "esriFieldTypeString",
            "alias": "BuildingName",
            "length": 125
          },
          {
            "name": "AddNum",
            "type": "esriFieldTypeString",
            "alias": "AddressNumber",
            "length": 50
          },
          {
            "name": "AddNumFrom",
            "type": "esriFieldTypeString",
            "alias": "AddNumFrom",
            "length": 50
          },
          {
            "name": "AddNumTo",
            "type": "esriFieldTypeString",
            "alias": "AddNumTo",
            "length": 50
          },
          {
            "name": "AddRange",
            "type": "esriFieldTypeString",
            "alias": "AddressRange",
            "length": 100
          },
          {
            "name": "Side",
            "type": "esriFieldTypeString",
            "alias": "Side",
            "length": 1
          },
          {
            "name": "StPreDir",
            "type": "esriFieldTypeString",
            "alias": "StPreDir",
            "length": 5
          },
          {
            "name": "StPreType",
            "type": "esriFieldTypeString",
            "alias": "StPreType",
            "length": 50
          },
          {
            "name": "StName",
            "type": "esriFieldTypeString",
            "alias": "StName",
            "length": 125
          },
          {
            "name": "StType",
            "type": "esriFieldTypeString",
            "alias": "StType",
            "length": 30
          },
          {
            "name": "StDir",
            "type": "esriFieldTypeString",
            "alias": "StDir",
            "length": 20
          },
          {
            "name": "BldgType",
            "type": "esriFieldTypeString",
            "alias": "BldgType",
            "length": 20
          },
          {
            "name": "BldgName",
            "type": "esriFieldTypeString",
            "alias": "BldgName",
            "length": 50
          },
          {
            "name": "LevelType",
            "type": "esriFieldTypeString",
            "alias": "LevelType",
            "length": 20
          },
          {
            "name": "LevelName",
            "type": "esriFieldTypeString",
            "alias": "LevelName",
            "length": 50
          },
          {
            "name": "UnitType",
            "type": "esriFieldTypeString",
            "alias": "UnitType",
            "length": 20
          },
          {
            "name": "UnitName",
            "type": "esriFieldTypeString",
            "alias": "UnitName",
            "length": 50
          },
          {
            "name": "SubAddr",
            "type": "esriFieldTypeString",
            "alias": "SubAddress",
            "length": 250
          },
          {
            "name": "StAddr",
            "type": "esriFieldTypeString",
            "alias": "StAddr",
            "length": 300
          },
          {
            "name": "Block",
            "type": "esriFieldTypeString",
            "alias": "Block",
            "length": 120
          },
          {
            "name": "Sector",
            "type": "esriFieldTypeString",
            "alias": "Sector",
            "length": 120
          },
          {
            "name": "Nbrhd",
            "type": "esriFieldTypeString",
            "alias": "Neighborhood",
            "length": 120
          },
          {
            "name": "District",
            "type": "esriFieldTypeString",
            "alias": "District",
            "length": 120
          },
          {
            "name": "City",
            "type": "esriFieldTypeString",
            "alias": "City",
            "length": 120
          },
          {
            "name": "MetroArea",
            "type": "esriFieldTypeString",
            "alias": "MetroArea",
            "length": 120
          },
          {
            "name": "Subregion",
            "type": "esriFieldTypeString",
            "alias": "Subregion",
            "length": 120
          },
          {
            "name": "Region",
            "type": "esriFieldTypeString",
            "alias": "Region",
            "length": 120
          },
          {
            "name": "RegionAbbr",
            "type": "esriFieldTypeString",
            "alias": "RegionAbbr",
            "length": 50
          },
          {
            "name": "Territory",
            "type": "esriFieldTypeString",
            "alias": "Territory",
            "length": 120
          },
          {
            "name": "Zone",
            "type": "esriFieldTypeString",
            "alias": "Zone",
            "length": 100
          },
          {
            "name": "Postal",
            "type": "esriFieldTypeString",
            "alias": "Postal",
            "length": 20
          },
          {
            "name": "PostalExt",
            "type": "esriFieldTypeString",
            "alias": "PostalExt",
            "length": 10
          },
          {
            "name": "Country",
            "type": "esriFieldTypeString",
            "alias": "Country",
            "length": 30
          },
          {
            "name": "CntryName",
            "type": "esriFieldTypeString",
            "alias": "CountryName",
            "length": 100
          },
          {
            "name": "LangCode",
            "type": "esriFieldTypeString",
            "alias": "LangCode",
            "length": 5
          },
          {
            "name": "Distance",
            "type": "esriFieldTypeDouble",
            "alias": "Distance"
          },
          {
            "name": "X",
            "type": "esriFieldTypeDouble",
            "alias": "X"
          },
          {
            "name": "Y",
            "type": "esriFieldTypeDouble",
            "alias": "Y"
          },
          {
            "name": "DisplayX",
            "type": "esriFieldTypeDouble",
            "alias": "DisplayX"
          },
          {
            "name": "DisplayY",
            "type": "esriFieldTypeDouble",
            "alias": "DisplayY"
          },
          {
            "name": "Xmin",
            "type": "esriFieldTypeDouble",
            "alias": "Xmin"
          },
          {
            "name": "Xmax",
            "type": "esriFieldTypeDouble",
            "alias": "Xmax"
          },
          {
            "name": "Ymin",
            "type": "esriFieldTypeDouble",
            "alias": "Ymin"
          },
          {
            "name": "Ymax",
            "type": "esriFieldTypeDouble",
            "alias": "Ymax"
          },
          {
            "name": "ExInfo",
            "type": "esriFieldTypeString",
            "alias": "ExtraInfo",
            "length": 500
          },
          {
            "name": "UPRN",
            "type": "esriFieldTypeString",
            "alias": "UPRN",
            "length": 255
          },
          {
            "name": "UDPRN",
            "type": "esriFieldTypeString",
            "alias": "UDPRN",
            "length": 255
          },
          {
            "name": "Classification",
            "type": "esriFieldTypeString",
            "alias": "Classification",
            "length": 10
          },
          {
            "name": "OfficialRMAddress",
            "type": "esriFieldTypeString",
            "alias": "OfficialRMAddress",
            "length": 500
          },
          {
            "name": "USRN",
            "type": "esriFieldTypeString",
            "alias": "USRN",
            "length": 255
          },
          {
            "name": "BLPULogicalStatus",
            "type": "esriFieldTypeInteger",
            "alias": "BLPULogicalStatus"
          },
          {
            "name": "LPILogicalStatus",
            "type": "esriFieldTypeInteger",
            "alias": "LPILogicalStatus"
          },
          {
            "name": "OfficialLAAddress",
            "type": "esriFieldTypeString",
            "alias": "OfficialLAAddress",
            "length": 500
          },
          {
            "name": "OrganisationStartDate",
            "type": "esriFieldTypeString",
            "alias": "OrganisationStartDate",
            "length": 22
          },
          {
            "name": "IN_SingleLine",
            "type": "esriFieldTypeString",
            "alias": "Single Line Input",
            "length": 100
          },
          {
            "name": "USER_Address",
            "type": "esriFieldTypeString",
            "alias": "Address",
            "length": 8000
          }
        ],
        "features": [],
        "exceededTransferLimit": false
      },
      "category": "",
      "label": "Overlay Address Point Output",
      "visible": true,
      "required": false,
      "featureSetMode": "layers"
    }
  ],
  "shareResults": true,
  "layerOrder": [
    "Overlay Address Point Output"
  ],
  "showExportButton": false
}
