{
  "Groupes": [
    {
      "Groupname": "Water Network",
      "Index": 0,
      "Parentindex": "",
      "Visible": true,
      "layerOptions": []
    },
    {
      "Groupname": "Water Node",
      "Index": 1,
      "Parentindex": "0",
      "Visible": true,
      "layerOptions": [
        {
          "Layername": "Anode",
          "Visible": true
        },
        {
          "Layername": "Boundary Box",
          "Visible": true
        },
        {
          "Layername": "Break Pressure Tank",
          "Visible": true
        },
        {
          "Layername": "Capped End",
          "Visible": true
        },
        {
          "Layername": "Customer Meter",
          "Visible": true
        },
        {
          "Layername": "Hydrant",
          "Visible": true
        },
        {
          "Layername": "Insert Flow Meter Point",
          "Visible": true
        },
        {
          "Layername": "Joint",
          "Visible": true
        },
        {
          "Layername": "Meter",
          "Visible": true
        },
        {
          "Layername": "Monitoring Point",
          "Visible": true
        },
        {
          "Layername": "Open End",
          "Visible": true
        },
        {
          "Layername": "Pressure Monitoring",
          "Visible": true
        },
        {
          "Layername": "Service Reservoir",
          "Visible": true
        },
        {
          "Layername": "Site",
          "Visible": true
        },
        {
          "Layername": "Valve - Controllable",
          "Visible": true
        },
        {
          "Layername": "Valve - Flow",
          "Visible": true
        },
        {
          "Layername": "Valve - Pressure",
          "Visible": true
        }
      ]
    },
    {
      "Groupname": "Water Pipe",
      "Index": 2,
      "Parentindex": "0",
      "Visible": true,
      "layerOptions": [
        {
          "Layername": "Public Water Pipe - Discolouration",
          "Visible": true
        },
        {
          "Layername": "Public Water Pipe - Operational",
          "Visible": true
        },
        {
          "Layername": "Public Water Pipe - Decommissioned",
          "Visible": true
        },
        {
          "Layername": "Private Water Pipe",
          "Visible": true
        },
        {
          "Layername": "Other Water Company Pipe",
          "Visible": true
        },
        {
          "Layername": "Water Pipe - Reservoir Zone",
          "Visible": true
        }
      ]
    },
    {
      "Groupname": "Water Structure",
      "Index": 3,
      "Parentindex": "0",
      "Visible": true,
      "layerOptions": [
        {
          "Layername": "Chamber",
          "Visible": true
        },
        {
          "Layername": "Pipe Bridge - Water",
          "Visible": true
        }
      ]
    },
 
    
    {
      "Groupname": "Wastewater Network",
      "Index": 5,
      "Parentindex": "",
      "Visible": true,
      "layerOptions": []
    },
    {
      "Groupname": "Wastewater Node - Public",
      "Index": 6,
      "Parentindex": "5",
      "Visible": true,
      "layerOptions": [
        {
          "Layername": "Backdrop",
          "Visible": true
        },
        {
          "Layername": "Balancing Pond",
          "Visible": true
        },
        {
          "Layername": "Blind Shaft",
          "Visible": true
        },
        {
          "Layername": "Controllable Valve",
          "Visible": true
        },
        {
          "Layername": "Flow Control",
          "Visible": true
        },
        {
          "Layername": "Fitting",
          "Visible": true
        },
        {
          "Layername": "Hatchbox",
          "Visible": true
        },
        {
          "Layername": "Inlet-Outfall",
          "Visible": true
        },
        {
          "Layername": "Lamp Hole",
          "Visible": true
        },
        {
          "Layername": "Other Asset",
          "Visible": true
        },
        {
          "Layername": "Pumping Station",
          "Visible": true
        },
        {
          "Layername": "Relief Valve",
          "Visible": true
        },
        {
          "Layername": "Sewer Level Monitor",
          "Visible": true
        },
        {
          "Layername": "Sewer Node",
          "Visible": true
        },
        {
          "Layername": "Storage",
          "Visible": true
        },
        {
          "Layername": "Trap",
          "Visible": true
        },
        {
          "Layername": "Treatment Works",
          "Visible": true
        },
        {
          "Layername": "Weir",
          "Visible": true
        }
      ]
    },
    {
      "Groupname": "Wastewater Pipe - Public",
      "Index": 26,
      "Parentindex": "5",
      "Visible": true,
      "layerOptions": [
        {
          "Layername": "Public Wastewater Pipe - Operational",
          "Visible": true
        },
        {
          "Layername": "Public Wastewater Pipe - Decommissioned",
          "Visible": true
        },
        {
          "Layername": "Flow Direction Arrow",
          "Visible": true
        }
      ]
    },
    {
      "Groupname": "Wastewater Structure - Public",
      "Index": 29,
      "Parentindex": "5",
      "Visible": true,
      "layerOptions": [
        {
          "Layername": "Access Shaft",
          "Visible": true
        },
        {
          "Layername": "Adit",
          "Visible": true
        },
        {
          "Layername": "Manhole",
          "Visible": true
        },
        {
          "Layername": "Overflow Chamber",
          "Visible": true
        },
        {
          "Layername": "Outfall Headworks",
          "Visible": true
        },
        {
          "Layername": "Pipe Bridge - Wastewater",
          "Visible": true
        },
        {
          "Layername": "Rodding Eye",
          "Visible": true
        },
        {
          "Layername": "Venting",
          "Visible": true
        }
      ]
    },
    {
      "Groupname": "Wastewater Node - Private",
      "Index": 36,
      "Parentindex": "5",
      "Visible": true,
      "layerOptions": [
        {
          "Layername": "Backdrop - Private",
          "Visible": true
        },
        {
          "Layername": "Balancing Pond - Private",
          "Visible": true
        },
        {
          "Layername": "Blind Shaft - Private",
          "Visible": true
        },
        {
          "Layername": "Controllable Valve - Private",
          "Visible": true
        },
        {
          "Layername": "Flow Control - Private",
          "Visible": true
        },
        {
          "Layername": "Fitting - Private",
          "Visible": true
        },
        {
          "Layername": "Hatchbox - Private",
          "Visible": true
        },
        {
          "Layername": "Inlet-Outfall - Private",
          "Visible": true
        },
        {
          "Layername": "Lamp Hole - Private",
          "Visible": true
        },
        {
          "Layername": "Pumping Station - Private",
          "Visible": true
        },
        {
          "Layername": "Relief Valve - Private",
          "Visible": true
        },
        {
          "Layername": "Sewer Level Monitor - Private",
          "Visible": true
        },
        {
          "Layername": "Sewer Node - Private",
          "Visible": true
        },
        {
          "Layername": "Storage - Private",
          "Visible": true
        },

        {
          "Layername": "Trap - Private",
          "Visible": true
        },
        {
          "Layername": "Treatment Works - Private",
          "Visible": true
        },
        {
          "Layername": "Weir - Private",
          "Visible": true
        }
      ]
    },
    {
      "Groupname": "Wastewater Pipe - Private",
      "Index": 67,
      "Parentindex": "5",
      "Visible": true,
      "layerOptions": [
        {
          "Layername": "Private Wastewater Pipe",
          "Visible": true
        }
      ]
    },
    {
      "Groupname": "Wastewater Structure - Private",
      "Index": 69,
      "Parentindex": "5",
      "Visible": true,
      "layerOptions": [
        {
          "Layername": "Access Shaft - Private",
          "Visible": true
        },
        {
          "Layername": "Manhole - Private",
          "Visible": true
        },
        {
          "Layername": "Overflow Chamber - Private",
          "Visible": true
        },
        {
          "Layername": "Outfall Headworks - Private",
          "Visible": true
        },
        {
          "Layername": "Rodding Eye - Private",
          "Visible": true
        },
        {
          "Layername": "Venting - Private",
          "Visible": true
        }
      ]
    },
   


    {
      "Groupname": "SWS Sites",
      "Index": 37,
      "Parentindex": "",
      "Visible": true,
      "layerOptions": [
        {
          "Layername": "Water Site",
          "Visible": true
        },
        {
          "Layername": "Wastewater Site",
          "Visible": true
        },
        {
          "Layername": "Other Site",
          "Visible": true
        },
        {
          "Layername": "Pumping Station Connectivity",
          "Visible": false
        }
      ]
    },
   
    {
      "Groupname": "Address Point",
      "Index": 42,
      "Parentindex": "",
      "Visible": true,
      "layerOptions": [
        {
          "Layername": "Current",
          "Visible": true
        }
      ]
    }

   
  ]
}
