{
  "Groupes": [
    {
      "Groupname": "Water Network",
      "Index": 0,
      "Parentindex": "",
      "Visible": true,
      "layerOptions": []
    },
    {
      "Groupname": "Water Node",
      "Index": 1,
      "Parentindex": "0",
      "Visible": true,
      "layerOptions": [
        {
          "Layername": "Anode",
          "Visible": true
        },
        {
          "Layername": "Boundary Box",
          "Visible": true
        },
        {
          "Layername": "Break Pressure Tank",
          "Visible": true
        },
        {
          "Layername": "Capped End",
          "Visible": true
        },
        {
          "Layername": "Customer Meter",
          "Visible": true
        },
        {
          "Layername": "Hydrant",
          "Visible": true
        },
        {
          "Layername": "Insert Flow Meter Point",
          "Visible": true
        },
        {
          "Layername": "Joint",
          "Visible": true
        },
        {
          "Layername": "Meter",
          "Visible": true
        },
        {
          "Layername": "Monitoring Point",
          "Visible": true
        },
        {
          "Layername": "Open End",
          "Visible": true
        },
        {
          "Layername": "Pressure Monitoring",
          "Visible": true
        },
        {
          "Layername": "Service Reservoir",
          "Visible": true
        },
        {
          "Layername": "Site",
          "Visible": true
        },
        {
          "Layername": "Valve - Controllable",
          "Visible": true
        },
        {
          "Layername": "Valve - Flow",
          "Visible": true
        },
        {
          "Layername": "Valve - Pressure",
          "Visible": true
        }
      ]
    },
    {
      "Groupname": "Water Pipe",
      "Index": 2,
      "Parentindex": "0",
      "Visible": true,
      "layerOptions": [
        {
          "Layername": "Public Water Pipe - Operational",
          "Visible": true
        },
        {
          "Layername": "Public Water Pipe - Decommissioned",
          "Visible": true
        }
      ]
    },
    {
      "Groupname": "Water Structure",
      "Index": 3,
      "Parentindex": "0",
      "Visible": true,
      "layerOptions": [
        {
          "Layername": "Chamber",
          "Visible": true
        },
        {
          "Layername": "Pipe Bridge - Water",
          "Visible": true
        }
      ]
    },
    {
      "Groupname": "Water Area",
      "Index": 4,
      "Parentindex": "0",
      "Visible": true,
      "layerOptions": [
        {
          "Layername": "Water Supply Zone",
          "Visible": true
        }
      ]
    },
    {
      "Groupname": "Wastewater Network",
      "Index": 5,
      "Parentindex": "",
      "Visible": true,
      "layerOptions": []
    },
    {
      "Groupname": "Wastewater Node - Public",
      "Index": 6,
      "Parentindex": "5",
      "Visible": true,
      "layerOptions": [
        {
          "Layername": "Backdrop",
          "Visible": true
        },
        {
          "Layername": "Balancing Pond",
          "Visible": true
        },
        {
          "Layername": "Blind Shaft",
          "Visible": true
        },
        {
          "Layername": "Controllable Valve",
          "Visible": true
        },
        {
          "Layername": "Flow Control",
          "Visible": true
        },
        {
          "Layername": "Fitting",
          "Visible": true
        },
        {
          "Layername": "Hatchbox",
          "Visible": true
        },
        {
          "Layername": "Inlet-Outfall",
          "Visible": true
        },
        {
          "Layername": "Lamp Hole",
          "Visible": true
        },
        {
          "Layername": "Other Asset",
          "Visible": true
        },
        {
          "Layername": "Pumping Station",
          "Visible": true
        },
        {
          "Layername": "Relief Valve",
          "Visible": true
        },
        {
          "Layername": "Sewer Level Monitor",
          "Visible": true
        },
        {
          "Layername": "Sewer Node",
          "Visible": true
        },
        {
          "Layername": "Storage",
          "Visible": true
        },
        {
          "Layername": "Trap",
          "Visible": true
        },
        {
          "Layername": "Treatment Works",
          "Visible": true
        },
        {
          "Layername": "Weir",
          "Visible": true
        }
      ]
    },
    {
      "Groupname": "Wastewater Pipe - Public",
      "Index": 26,
      "Parentindex": "5",
      "Visible": true,
      "layerOptions": [
        {
          "Layername": "Public Wastewater Pipe - Operational",
          "Visible": true
        },
        {
          "Layername": "Public Wastewater Pipe - Decommissioned",
          "Visible": true
        },
        {
          "Layername": "Flow Direction Arrow",
          "Visible": true
        }
      ]
    },
    {
      "Groupname": "Wastewater Structure - Public",
      "Index": 29,
      "Parentindex": "5",
      "Visible": true,
      "layerOptions": [
        {
          "Layername": "Access Shaft",
          "Visible": true
        },

        {
          "Layername": "Manhole",
          "Visible": true
        },
        {
          "Layername": "Overflow Chamber",
          "Visible": true
        },
        {
          "Layername": "Outfall Headworks",
          "Visible": true
        },
        {
          "Layername": "Pipe Bridge - Wastewater",
          "Visible": true
        },
        {
          "Layername": "Rodding Eye",
          "Visible": true
        },
        {
          "Layername": "Venting",
          "Visible": true
        }
      ]
    },
    {
      "Groupname": "Wastewater Area",
      "Index": 72,
      "Parentindex": "5",
      "Visible": true,
      "layerOptions": [
        {
          "Layername": "Catchment",
          "Visible": true
        }

      ]
    },
    {
      "Groupname": "SWS Sites",
      "Index": 37,
      "Parentindex": "",
      "Visible": true,
      "layerOptions": [
        {
          "Layername": "Water Site",
          "Visible": true
        },
        {
          "Layername": "Wastewater Site",
          "Visible": true
        },
        {
          "Layername": "Other Site",
          "Visible": true
        },

        {
          "Layername": "Wastewater Treatment Works Site",
          "Visible": true
        },
        {
          "Layername": "Pumping Station Works Site",
          "Visible": true
        }
      ]
    },
    {
      "Groupname": "Address Point",
      "Index": 42,
      "Parentindex": "",
      "Visible": true,
      "layerOptions": [
        {
          "Layername": "Current",
          "Visible": true
        }
      ]
    },
    {
      "Groupname": "Land Management",
      "Index": 43,
      "Parentindex": "",
      "Visible": true,
      "layerOptions": [
        {
          "Layername": "New Appointment and Variation (NAV)",
          "Visible": true
        }
      ]
    },
    {
      "Groupname": "Developer Services",
      "Index": 45,
      "Parentindex": "43",
      "Visible": true,
      "layerOptions": [
        {
          "Layername": "Section 104",
          "Visible": true
        },
        {
          "Layername": "Build Over Agreement",
          "Visible": true
        }
      ]
    },
    {
      "Groupname": "Administrative Boundaries",
      "Index": 52,
      "Parentindex": "",
      "Visible": true,
      "layerOptions": [
        {
          "Layername": "SW Operating Area",
          "Visible": false
        }
      ]
    },
    {
      "Groupname": "Ofwat Operating Area",
      "Index": 55,
      "Parentindex": "52",
      "Visible": true,
      "layerOptions": [
        {
          "Layername": "Water Supply Area",
          "Visible": true
        },
        {
          "Layername": "Wastewater Service Area",
          "Visible": true
        }
      ]
    },
    {
      "Groupname": "OS Data",
      "Index": 51,
      "Parentindex": "",
      "Visible": false,
      "layerOptions": [
        {
          "Layername": "500 Metre Grid",
          "Visible": true
        },
        {
          "Layername": "1000 Metre Grid",
          "Visible": true
        }
      ]
    }

  ]
}
