{
  "Groupes": [
    {
      "Groupname": "Water Network",
      "Index": 0,
      "Parentindex": "",
      "Visible": true,
      "layerOptions": []
    },
    {
      "Groupname": "Water Node",
      "Index": 1,
      "Parentindex": "0",
      "Visible": true,
      "layerOptions": [
        {
          "Layername": "Anode",
          "Visible": true
        },
        {
          "Layername": "Boundary Box",
          "Visible": true
        },
        {
          "Layername": "Break Pressure Tank",
          "Visible": true
        },
        {
          "Layername": "Capped End",
          "Visible": true
        },
        {
          "Layername": "Customer Meter",
          "Visible": true
        },
        {
          "Layername": "Hydrant",
          "Visible": true
        },
        {
          "Layername": "Insert Flow Meter Point",
          "Visible": true
        },
        {
          "Layername": "Joint",
          "Visible": true
        },
        {
          "Layername": "Meter",
          "Visible": true
        },
        {
          "Layername": "Monitoring Point",
          "Visible": true
        },
        {
          "Layername": "Open End",
          "Visible": true
        },
        {
          "Layername": "Pressure Monitoring",
          "Visible": true
        },
        {
          "Layername": "Service Reservoir",
          "Visible": true
        },
        {
          "Layername": "Site",
          "Visible": true
        },
        {
          "Layername": "Valve - Controllable",
          "Visible": true
        },
        {
          "Layername": "Valve - Flow",
          "Visible": true
        },
        {
          "Layername": "Valve - Pressure",
          "Visible": true
        }
      ]
    },
    {
      "Groupname": "Water Pipe",
      "Index": 2,
      "Parentindex": "0",
      "Visible": true,
      "layerOptions": [
        {
          "Layername": "Public Water Pipe - Discolouration",
          "Visible": true
        },
        {
          "Layername": "Public Water Pipe - Operational",
          "Visible": true
        },
        {
          "Layername": "Public Water Pipe - Decommissioned",
          "Visible": true
        },
        {
          "Layername": "Private Water Pipe",
          "Visible": true
        },
        {
          "Layername": "Other Water Company Pipe",
          "Visible": true
        },
        {
          "Layername": "Water Pipe - Reservoir Zone",
          "Visible": true
        }
      ]
    },
    {
      "Groupname": "Water Structure",
      "Index": 3,
      "Parentindex": "0",
      "Visible": true,
      "layerOptions": [
        {
          "Layername": "Chamber",
          "Visible": true
        },
        {
          "Layername": "Pipe Bridge - Water",
          "Visible": true
        }
      ]
    },
    {
      "Groupname": "Water Area",
      "Index": 4,
      "Parentindex": "0",
      "Visible": false,
      "layerOptions": [
        {
          "Layername": "Water Management Area",
          "Visible": false
        },
        {
          "Layername": "Water Operational Area",
          "Visible": false
        },
        {
          "Layername": "Water Resource Area",
          "Visible": false
        },
        {
          "Layername": "Distribution Zone",
          "Visible": false
        },
        {
          "Layername": "Water Supply Zone",
          "Visible": true
        },
        {
          "Layername": "Reservoir Zone",
          "Visible": false
        },
        {
          "Layername": "District Meter Area",
          "Visible": true
        },
        {
          "Layername": "Pressure Zone",
          "Visible": false
        }
      ]
    },
    {
      "Groupname": "Inferred Connection",
      "Index": 71,
      "Parentindex": "0",
      "Visible": false,
      "layerOptions": [
        {
          "Layername": "Water Inferred Connection",
          "Visible": true
        }
      ]
    },
    {
      "Groupname": "Wastewater Network",
      "Index": 5,
      "Parentindex": "",
      "Visible": false,
      "layerOptions": []
    },
    {
      "Groupname": "Wastewater Node - Public",
      "Index": 6,
      "Parentindex": "5",
      "Visible": true,
      "layerOptions": [
        {
          "Layername": "Backdrop",
          "Visible": true
        },
        {
          "Layername": "Balancing Pond",
          "Visible": true
        },
        {
          "Layername": "Blind Shaft",
          "Visible": true
        },
        {
          "Layername": "Controllable Valve",
          "Visible": true
        },
        {
          "Layername": "Flow Control",
          "Visible": true
        },
        {
          "Layername": "Fitting",
          "Visible": true
        },
        {
          "Layername": "Hatchbox",
          "Visible": true
        },
        {
          "Layername": "Inlet-Outfall",
          "Visible": true
        },
        {
          "Layername": "Lamp Hole",
          "Visible": true
        },
        {
          "Layername": "Other Asset",
          "Visible": true
        },
        {
          "Layername": "Pumping Station",
          "Visible": true
        },
        {
          "Layername": "Relief Valve",
          "Visible": true
        },
        {
          "Layername": "Sewer Level Monitor",
          "Visible": true
        },
        {
          "Layername": "Sewer Node",
          "Visible": true
        },
        {
          "Layername": "Storage",
          "Visible": true
        },
        {
          "Layername": "Trap",
          "Visible": true
        },
        {
          "Layername": "Treatment Works",
          "Visible": true
        },
        {
          "Layername": "Weir",
          "Visible": true
        }
      ]
    },
    {
      "Groupname": "Wastewater Pipe - Public",
      "Index": 26,
      "Parentindex": "5",
      "Visible": true,
      "layerOptions": [
        {
          "Layername": "Public Wastewater Pipe - Operational",
          "Visible": true
        },
        {
          "Layername": "Public Wastewater Pipe - Decommissioned",
          "Visible": true
        },
        {
          "Layername": "Flow Direction Arrow",
          "Visible": true
        }
      ]
    },
    {
      "Groupname": "Wastewater Structure - Public",
      "Index": 29,
      "Parentindex": "5",
      "Visible": true,
      "layerOptions": [
        {
          "Layername": "Access Shaft",
          "Visible": true
        },
        {
          "Layername": "Adit",
          "Visible": true
        },
        {
          "Layername": "Manhole",
          "Visible": true
        },
        {
          "Layername": "Overflow Chamber",
          "Visible": true
        },
        {
          "Layername": "Outfall Headworks",
          "Visible": true
        },
        {
          "Layername": "Pipe Bridge - Wastewater",
          "Visible": true
        },
        {
          "Layername": "Rodding Eye",
          "Visible": true
        },
        {
          "Layername": "Venting",
          "Visible": true
        }
      ]
    },
    {
      "Groupname": "Wastewater Node - Private",
      "Index": 36,
      "Parentindex": "5",
      "Visible": true,
      "layerOptions": [
        {
          "Layername": "Backdrop - Private",
          "Visible": true
        },
        {
          "Layername": "Balancing Pond - Private",
          "Visible": true
        },
        {
          "Layername": "Blind Shaft - Private",
          "Visible": true
        },
        {
          "Layername": "Controllable Valve - Private",
          "Visible": true
        },
        {
          "Layername": "Flow Control - Private",
          "Visible": true
        },
        {
          "Layername": "Fitting - Private",
          "Visible": true
        },
        {
          "Layername": "Hatchbox - Private",
          "Visible": true
        },
        {
          "Layername": "Inlet-Outfall - Private",
          "Visible": true
        },
        {
          "Layername": "Lamp Hole - Private",
          "Visible": true
        },
        {
          "Layername": "Pumping Station - Private",
          "Visible": true
        },
        {
          "Layername": "Relief Valve - Private",
          "Visible": true
        },
        {
          "Layername": "Sewer Level Monitor - Private",
          "Visible": true
        },
        {
          "Layername": "Sewer Node - Private",
          "Visible": true
        },
        {
          "Layername": "Storage - Private",
          "Visible": true
        },

        {
          "Layername": "Trap - Private",
          "Visible": true
        },
        {
          "Layername": "Treatment Works - Private",
          "Visible": true
        },
        {
          "Layername": "Weir - Private",
          "Visible": true
        }
      ]
    },
    {
      "Groupname": "Wastewater Pipe - Private",
      "Index": 67,
      "Parentindex": "5",
      "Visible": true,
      "layerOptions": [
        {
          "Layername": "Private Wastewater Pipe",
          "Visible": true
        }
      ]
    },
    {
      "Groupname": "Wastewater Structure - Private",
      "Index": 69,
      "Parentindex": "5",
      "Visible": true,
      "layerOptions": [
        {
          "Layername": "Access Shaft - Private",
          "Visible": true
        },
        {
          "Layername": "Manhole - Private",
          "Visible": true
        },
        {
          "Layername": "Overflow Chamber - Private",
          "Visible": true
        },
        {
          "Layername": "Outfall Headworks - Private",
          "Visible": true
        },
        {
          "Layername": "Rodding Eye - Private",
          "Visible": true
        },
        {
          "Layername": "Venting - Private",
          "Visible": true
        }
      ]
    },
    {
      "Groupname": "Wastewater Area",
      "Index": 72,
      "Parentindex": "5",
      "Visible": false,
      "layerOptions": [
        {
          "Layername": "Surface Water Management Catchment",
          "Visible": false
        },
        {
          "Layername": "Catchment",
          "Visible": true
        },
        {
          "Layername": "Sub-Catchment",
          "Visible": true
        },
        {
          "Layername": "Local Area Catchment",
          "Visible": false
        },
        {
          "Layername": "Merged Sub-Catchment",
          "Visible": false
        },
        {
          "Layername": "Historic Catchment",
          "Visible": false
        },
        {
          "Layername": "Pre1937BuildingArea",
          "Visible": false
        }
      ]
    },

    {
      "Groupname": "Inferred Connection",
      "Index": 74,
      "Parentindex": "5",
      "Visible": false,
      "layerOptions": [
        {
          "Layername": "Wastewater Inferred Connection",
          "Visible": true
        }
      ]
    },
    {
      "Groupname": "SWS Sites",
      "Index": 37,
      "Parentindex": "",
      "Visible": true,
      "layerOptions": [
        {
          "Layername": "Water Site",
          "Visible": true
        },
        {
          "Layername": "Wastewater Site",
          "Visible": false
        },
        {
          "Layername": "Other Site",
          "Visible": true
        },
        {
          "Layername": "Pumping Station Connectivity",
          "Visible": false
        }
      ]
    },
    {
      "Groupname": "Customer",
      "Index": 38,
      "Parentindex": "",
      "Visible": true,
      "layerOptions": []
    },
    {
      "Groupname": "Address Point",
      "Index": 42,
      "Parentindex": "",
      "Visible": true,
      "layerOptions": [
        {
          "Layername": "Current",
          "Visible": true
        },
        {
          "Layername": "Provisional",
          "Visible": false
        },
        {
          "Layername": "Historic",
          "Visible": false
        },
        {
          "Layername": "Other",
          "Visible": false
        }
      ]
    },
    {
      "Groupname": "Land Management",
      "Index": 43,
      "Parentindex": "",
      "Visible": false,
      "layerOptions": [
        {
          "Layername": "New Appointment and Variation (NAV)",
          "Visible": false
        }
      ]
    },
    {
      "Groupname": "Land Terrier",
      "Index": 44,
      "Parentindex": "43",
      "Visible": false,
      "layerOptions": [
        {
          "Layername": "Environment Agency (E/A)/NRA",
          "Visible": true
        },
        {
          "Layername": "Land Sold",
          "Visible": true
        },
        {
          "Layername": "Sludge Facilities",
          "Visible": true
        },
        {
          "Layername": "Licence and Leases",
          "Visible": true
        },
        {
          "Layername": "Access By Others Over SW Land",
          "Visible": true
        },
        {
          "Layername": "Wayleave",
          "Visible": true
        },
        {
          "Layername": "Easement - Wastewater ",
          "Visible": true
        },
        {
          "Layername": "Easement - Water ",
          "Visible": true
        },
        {
          "Layername": "Access To Southern Water Land",
          "Visible": true
        },
        {
          "Layername": "Leasehold",
          "Visible": true
        },
        {
          "Layername": "Freehold",
          "Visible": true
        }
      ]
    },
    {
      "Groupname": "Land Registry",
      "Index": 85,
      "Parentindex": "43",
      "Visible": false,
      "layerOptions": [
        {
          "Layername": "Land Registry",
          "Visible": true
        }
      ]
    },
    {
      "Groupname": "Developer Services",
      "Index": 45,
      "Parentindex": "43",
      "Visible": false,
      "layerOptions": [
        {
          "Layername": "Section 104",
          "Visible": true
        },
        {
          "Layername": "Build Over Agreement",
          "Visible": true
        }
      ]
    },
    {
      "Groupname": "Environmental",
      "Index": 46,
      "Parentindex": "",
      "Visible": false,
      "layerOptions": [
        {
          "Layername": "Ancient Woodland",
          "Visible": false
        },
        {
          "Layername": "Area of Natural Beauty",
          "Visible": false
        },
        {
          "Layername": "Environmentally Sensitive Area",
          "Visible": false
        },
        {
          "Layername": "Local Nature Reserve",
          "Visible": false
        },

        {
          "Layername": "Local Wildlife Site - Hampshire",
          "Visible": false
        },
        {
          "Layername": "Local Wildlife Site - IoW",
          "Visible": false
        },
        {
          "Layername": "Local Wildlife Site - Sussex",
          "Visible": false
        },
        {
          "Layername": "Marine Conservation Zone",
          "Visible": true
        },
        {
          "Layername": "National Nature Reserve",
          "Visible": false
        },
        {
          "Layername": "National Park",
          "Visible": false
        },
        {
          "Layername": "Nitrate Vulnerable Zone",
          "Visible": false
        },
        {
          "Layername": "Ramsar Site",
          "Visible": true
        },
        {
          "Layername": "Site of Special Scientific Interest",
          "Visible": true
        },

        {
          "Layername": "Special Area of Conservation",
          "Visible": true
        },
        {
          "Layername": "Special Protection Area",
          "Visible": true
        }
      ]
    },
    {
      "Groupname": "National Heritage",
      "Index": 47,
      "Parentindex": "46",
      "Visible": false,
      "layerOptions": [
        {
          "Layername": "Listed Building",
          "Visible": true
        },
        {
          "Layername": "Protected Wreck Site",
          "Visible": true
        },
        {
          "Layername": "Registered Battlefield",
          "Visible": true
        },
        {
          "Layername": "Registered Parks and Gardens",
          "Visible": true
        },
        {
          "Layername": "Scheduled Monument",
          "Visible": true
        },
        {
          "Layername": "World Heritage Site",
          "Visible": true
        }
      ]
    },

    {
      "Groupname": "Source Protection Zone",
      "Index": 87,
      "Parentindex": "46",
      "Visible": true,
      "layerOptions": [
        {
          "Layername": "Inner Zone",
          "Visible": true
        },
        {
          "Layername": "Outer Zone",
          "Visible": true
        },
        {
          "Layername": "Total Catchment",
          "Visible": true
        },
        {
          "Layername": "Zone of Special Interest",
          "Visible": true
        }
      ]
    },

    {
      "Groupname": "Operations",
      "Index": 48,
      "Parentindex": "",
      "Visible": false,
      "layerOptions": [

      ]
    },

    {
      "Groupname": "Annotation",
      "Index": 77,
      "Parentindex": "",
      "Visible": true,
      "layerOptions": [

      ]
    },
    {
      "Groupname": "Water Text",
      "Index": 79,
      "Parentindex": "77",
      "Visible": true,
      "layerOptions": [
        {
          "Layername": "Water Text",
          "Visible": true
        },
        {
          "Layername": "Water Leader Line",
          "Visible": true
        }
      ]
    },
    {
      "Groupname": "Wastewater Text",
      "Index": 78,
      "Parentindex": "77",
      "Visible": false,
      "layerOptions": [
        {
          "Layername": "Wastewater Text",
          "Visible": true
        },
        {
          "Layername": "Wastewater Leader Line",
          "Visible": true
        }
      ]
    },
    {
      "Groupname": "General Text",
      "Index": 81,
      "Parentindex": "77",
      "Visible": true,
      "layerOptions": [
        {
          "Layername": "General Text",
          "Visible": true
        }
      ]
    },
    {
      "Groupname": "Technical Customer Contact",
      "Index": 49,
      "Parentindex": "48",
      "Visible": true,
      "layerOptions": [

      ]
    },
    {
      "Groupname": "Water",
      "Index": 98,
      "Parentindex": "49",
      "Visible": true,
      "layerOptions": [
        {
          "Layername": "Water Contact",
          "Visible": true
        },
        {
          "Layername": "Customer DMA Alert",
          "Visible": true
        }
      ]
    },
    {
      "Groupname": "Wastewater",
      "Index": 99,
      "Parentindex": "49",
      "Visible": false,
      "layerOptions": [
        {
          "Layername": "Wastewater Contact",
          "Visible": true
        }
      ]
    },
    {
      "Groupname": "Work Order Ellipse",
      "Index": 100,
      "Parentindex": "48",
      "Visible": false,
      "layerOptions": [

      ]
    },
    {
      "Groupname": "Water Resources & Production",
      "Index": 101,
      "Parentindex": "100",
      "Visible": true,
      "layerOptions": [
      ]
    },
    {
      "Groupname": "Reactive",
      "Index": 102,
      "Parentindex": "101",
      "Visible": true,
      "layerOptions": [
        {
          "Layername": "WRP-Reactive-Open",
          "Visible": true
        },
        {
          "Layername": "WRP-Reactive-Closed",
          "Visible": true
        }
      ]
    },
    {
      "Groupname": "Planned",
      "Index": 103,
      "Parentindex": "101",
      "Visible": false,
      "layerOptions": [
        {
          "Layername": "WRP-Planned-Open",
          "Visible": true
        },
        {
          "Layername": "WRP-Planned-Closed",
          "Visible": true
        }
      ]
    },
    {
      "Groupname": "Water Networks & Customer",
      "Index": 104,
      "Parentindex": "100",
      "Visible": true,
      "layerOptions": [
      ]
    },
    {
      "Groupname": "Reactive",
      "Index": 105,
      "Parentindex": "104",
      "Visible": true,
      "layerOptions": [
        {
          "Layername": "WNC-Reactive-Open",
          "Visible": true
        },
        {
          "Layername": "WNC-Reactive-Closed",
          "Visible": true
        }
      ]
    },
    {
      "Groupname": "Planned",
      "Index": 106,
      "Parentindex": "104",
      "Visible": false,
      "layerOptions": [
        {
          "Layername": "WNC-Planned-Open",
          "Visible": true
        },
        {
          "Layername": "WNC-Planned-Closed",
          "Visible": true
        }
      ]
    },
    {
      "Groupname": "Water Leakage",
      "Index": 107,
      "Parentindex": "100",
      "Visible": true,
      "layerOptions": [
      ]
    },
    {
      "Groupname": "Reactive",
      "Index": 108,
      "Parentindex": "107",
      "Visible": true,
      "layerOptions": [
        {
          "Layername": "WL-Reactive-Open",
          "Visible": true
        },
        {
          "Layername": "WL-Reactive-Closed",
          "Visible": true
        }
      ]
    },
    {
      "Groupname": "Planned",
      "Index": 109,
      "Parentindex": "107",
      "Visible": false,
      "layerOptions": [
        {
          "Layername": "WL-Planned-Open",
          "Visible": true
        },
        {
          "Layername": "WL-Planned-Closed",
          "Visible": true
        }
      ]
    },
    {
      "Groupname": "Wastewater Networks & Customer",
      "Index": 110,
      "Parentindex": "100",
      "Visible": false,
      "layerOptions": [
      ]
    },
    {
      "Groupname": "Reactive",
      "Index": 111,
      "Parentindex": "110",
      "Visible": true,
      "layerOptions": [
        {
          "Layername": "WWN-Reactive-Open",
          "Visible": true
        },
        {
          "Layername": "WWN-Reactive-Closed",
          "Visible": true
        }
      ]
    },
    {
      "Groupname": "Planned",
      "Index": 112,
      "Parentindex": "110",
      "Visible": false,
      "layerOptions": [
        {
          "Layername": "WWN-Planned-Open",
          "Visible": true
        },
        {
          "Layername": "WWN-Planned-Closed",
          "Visible": true
        }
      ]
    },
    {
      "Groupname": "Wastewater Treatment",
      "Index": 113,
      "Parentindex": "100",
      "Visible": false,
      "layerOptions": [
      ]
    },
    {
      "Groupname": "Reactive",
      "Index": 114,
      "Parentindex": "113",
      "Visible": true,
      "layerOptions": [
        {
          "Layername": "WWT-Reactive-Open",
          "Visible": true
        },
        {
          "Layername": "WWT-Reactive-Closed",
          "Visible": true
        }
      ]
    },
    {
      "Groupname": "Planned",
      "Index": 115,
      "Parentindex": "113",
      "Visible": false,
      "layerOptions": [
        {
          "Layername": "WWT-Planned-Open",
          "Visible": true
        },
        {
          "Layername": "WWT-Planned-Closed",
          "Visible": true
        }
      ]
    },
    {
      "Groupname": "Work Order Maximo",
      "Index": 120,
      "Parentindex": "48",
      "Visible": false,
      "layerOptions": [

      ]
    },
    {
      "Groupname": "Water Resources & Production",
      "Index": 121,
      "Parentindex": "120",
      "Visible": true,
      "layerOptions": [
      ]
    },
    {
      "Groupname": "Reactive",
      "Index": 122,
      "Parentindex": "121",
      "Visible": true,
      "layerOptions": [
        {
          "Layername": "MX-WRP-Reactive-Open",
          "Visible": true
        },
        {
          "Layername": "MX-WRP-Reactive-Closed",
          "Visible": true
        }
      ]
    },
    {
      "Groupname": "Planned",
      "Index": 123,
      "Parentindex": "121",
      "Visible": false,
      "layerOptions": [
        {
          "Layername": "MX-WRP-Planned-Open",
          "Visible": true
        },
        {
          "Layername": "MX-WRP-Planned-Closed",
          "Visible": true
        }
      ]
    },
    {
      "Groupname": "Water Networks & Customer",
      "Index": 124,
      "Parentindex": "120",
      "Visible": true,
      "layerOptions": [
      ]
    },
    {
      "Groupname": "Reactive",
      "Index": 125,
      "Parentindex": "124",
      "Visible": true,
      "layerOptions": [
        {
          "Layername": "MX-WNC-Reactive-Open",
          "Visible": true
        },
        {
          "Layername": "MX-WNC-Reactive-Closed",
          "Visible": true
        }
      ]
    },
    {
      "Groupname": "Planned",
      "Index": 126,
      "Parentindex": "124",
      "Visible": false,
      "layerOptions": [
        {
          "Layername": "MX-WNC-Planned-Open",
          "Visible": true
        },
        {
          "Layername": "MX-WNC-Planned-Closed",
          "Visible": true
        }
      ]
    },
    {
      "Groupname": "Water Leakage",
      "Index": 127,
      "Parentindex": "120",
      "Visible": true,
      "layerOptions": [
      ]
    },
    {
      "Groupname": "Reactive",
      "Index": 128,
      "Parentindex": "127",
      "Visible": true,
      "layerOptions": [
        {
          "Layername": "MX-WL-Reactive-Open",
          "Visible": true
        },
        {
          "Layername": "MX-WL-Reactive-Closed",
          "Visible": true
        }
      ]
    },
    {
      "Groupname": "Planned",
      "Index": 129,
      "Parentindex": "127",
      "Visible": false,
      "layerOptions": [
        {
          "Layername": "MX-WL-Planned-Open",
          "Visible": true
        },
        {
          "Layername": "MX-WL-Planned-Closed",
          "Visible": true
        }
      ]
    },
    {
      "Groupname": "Wastewater Networks & Customer",
      "Index": 130,
      "Parentindex": "120",
      "Visible": false,
      "layerOptions": [
      ]
    },
    {
      "Groupname": "Reactive",
      "Index": 131,
      "Parentindex": "130",
      "Visible": true,
      "layerOptions": [
        {
          "Layername": "MX-WWN-Reactive-Open",
          "Visible": true
        },
        {
          "Layername": "MX-WWN-Reactive-Closed",
          "Visible": true
        }
      ]
    },
    {
      "Groupname": "Planned",
      "Index": 132,
      "Parentindex": "130",
      "Visible": false,
      "layerOptions": [
        {
          "Layername": "MX-WWN-Planned-Open",
          "Visible": true
        },
        {
          "Layername": "MX-WWN-Planned-Closed",
          "Visible": true
        }
      ]
    },
    {
      "Groupname": "Wastewater Treatment",
      "Index": 133,
      "Parentindex": "120",
      "Visible": false,
      "layerOptions": [
      ]
    },
    {
      "Groupname": "Reactive",
      "Index": 134,
      "Parentindex": "133",
      "Visible": true,
      "layerOptions": [
        {
          "Layername": "MX-WWT-Reactive-Open",
          "Visible": true
        },
        {
          "Layername": "MX-WWT-Reactive-Closed",
          "Visible": true
        }
      ]
    },
    {
      "Groupname": "Planned",
      "Index": 135,
      "Parentindex": "133",
      "Visible": false,
      "layerOptions": [
        {
          "Layername": "MX-WWT-Planned-Open",
          "Visible": true
        },
        {
          "Layername": "MX-WWT-Planned-Closed",
          "Visible": true
        }
      ]
    },

    {
      "Groupname": "Administrative Boundaries",
      "Index": 52,
      "Parentindex": "",
      "Visible": false,
      "layerOptions": [
        {
          "Layername": "SW Operating Area",
          "Visible": true
        }
      ]
    },
    {
      "Groupname": "Local Government",
      "Index": 54,
      "Parentindex": "52",
      "Visible": false,
      "layerOptions": [
        {
          "Layername": "Wards",
          "Visible": true
        },
        {
          "Layername": "Civil parishes",
          "Visible": true
        },
        {
          "Layername": "Districts",
          "Visible": true
        },
        {
          "Layername": "Counties",
          "Visible": true
        },
        {
          "Layername": "Unitary authorities",
          "Visible": true
        }
      ]
    },
    {
      "Groupname": "Ofwat Operating Area",
      "Index": 55,
      "Parentindex": "52",
      "Visible": false,
      "layerOptions": [
        {
          "Layername": "Water Supply Area",
          "Visible": true
        },
        {
          "Layername": "Wastewater Service Area",
          "Visible": true
        }
      ]
    },
    {
      "Groupname": "OS Data",
      "Index": 51,
      "Parentindex": "",
      "Visible": false,
      "layerOptions": [
        {
          "Layername": "Terrain 5",
          "Visible": false
        },
        {
          "Layername": "Open Rivers",
          "Visible": false
        }
      ]
    },
    {
      "Groupname": "Priority Service Register",
      "Index": 59,
      "Parentindex": "38",
      "Visible": true,
      "layerOptions": []
    },
    {
      "Groupname": "Key Customer",
      "Index": 62,
      "Parentindex": "38",
      "Visible": true,
      "layerOptions": [
        {
          "Layername": "P1",
          "Visible": true
        },
        {
          "Layername": "P2",
          "Visible": true
        },
        {
          "Layername": "P3",
          "Visible": true
        }
      ]
    },
    {
      "Groupname": "Water Incident",
      "Index": 60,
      "Parentindex": "59",
      "Visible": true,
      "layerOptions": [
        {
          "Layername": "P1-Water",
          "Visible": true
        },
        {
          "Layername": "P2-Water",
          "Visible": true
        },
        {
          "Layername": "P3-Water",
          "Visible": true
        }
      ]
    },
    {
      "Groupname": "Wastewater Incident",
      "Index": 61,
      "Parentindex": "59",
      "Visible": false,
      "layerOptions": [
        {
          "Layername": "P1-Wastewater",
          "Visible": true
        },
        {
          "Layername": "P2-Wastewater",
          "Visible": true
        },
        {
          "Layername": "P3-Wastewater",
          "Visible": true
        }
      ]
    },

    {
      "Groupname": "Grids",
      "Index": 64,
      "Parentindex": "51",
      "Visible": false,
      "layerOptions": [
        {
          "Layername": "500 Metre Grid",
          "Visible": true
        },
        {
          "Layername": "1000 Metre Grid",
          "Visible": true
        }
      ]
    },
    {
      "Groupname": "Historic Maps",
      "Index": 63,
      "Parentindex": "51",
      "Visible": false,
      "layerOptions": [
        {
          "Layername": "1870s",
          "Visible": false
        },
        {
          "Layername": "1930s",
          "Visible": false
        },
        {
          "Layername": "1980s",
          "Visible": false
        }
      ]
    },


    {
      "Groupname": "CCTV",
      "Index": 75,
      "Parentindex": "48",
      "Visible": false,
      "layerOptions": [
        {
          "Layername": "CCTV Survey",
          "Visible": true
        },
        {
          "Layername": "CCTV Survey Defect",
          "Visible": true
        }
      ]
    },
    {
      "Groupname": "Maintenance Schedule",
      "Index": 76,
      "Parentindex": "48",
      "Visible": false,
      "layerOptions": [
        {
          "Layername": "MST Lines",
          "Visible": true
        },
        {
          "Layername": "MST Nodes",
          "Visible": true
        },
        {
          "Layername": "Maintained Feature Links",
          "Visible": true
        },
        {
          "Layername": "Maintained Feature Nodes",
          "Visible": true
        }
      ]
    }
  ]
}
