{
  "spatialReferences": [
    {
      "wkid": "27700",
      "isDefault": false,
      "label": "British_National_Grid",
      "alias": "British_National_Grid",
      "outputUnit": "METER",
      "transformationWkid": "1314",
      "transformationLabel": "OSGB_1936_To_WGS_1984_Petroleum",
      "transformForward": false,
      "options": {
        "sameSRWithMap": false,
        "isGeographicCS": false,
        "isGeographicUnit": false,
        "isProjectedCS": true,
        "isProjectUnit": true,
        "spheroidCS": 4277,
        "defaultUnit": "Meter",
        "unitRate": 1
      }
    }
  ],
  "decimalPlaces": 0,
  "addSeparator": true,
  "displayOrderLonLat": true
}
