{
  "selectionColor": "#00FFFF",
  "selectionMode": "partial",
  "enableByDefault": true,
  "allowExport": false,
  "includeRuntimeLayers": true,
  "geometryTypes": [
    "EXTENT",
    "POLYGON",
    "FREEHAND_POLYGON"
  ],
  "layerState": {
    "4c47e3181a7b4e2aa005449eae9158e4": {
      "selected": true
    },
    "896649968acc404891980a8dfd0a52a2": {
      "selected": true
    },
    "fb170e10aed740ae98ce2da85b904c76": {
      "selected": true
    },
    "e47cceb3fa0d4eb283a7c6318f33faaa": {
      "selected": true
    },
    "d9e0d25bc2c744a9bfdb15f0e1b8c858": {
      "selected": true
    },
    "f034885793dd40bead06c7236fe54c04": {
      "selected": true
    },
    "1777fa6e334e492c8d8a1ca6a30083d5": {
      "selected": true
    },
    "98e2ff9ec4db4100a0e563e30c7bc33f": {
      "selected": true
    },
    "819fb99a62a340f9898297dfd1826af1": {
      "selected": true
    },
    "1cdf9b7c944e4c6aa30daab4958164c3": {
      "selected": true
    },
    "2abc0ddee54f46f989dec9bc7a832d5d": {
      "selected": true
    },
    "4faa13e893c84c2b80b99f9d7027545e": {
      "selected": true
    },
    "b00b46f55f834eaeb0c2f4a7945899cc": {
      "selected": false
    },
    "ec60ce2446744abfb2b1d9dfe7768037": {
      "selected": false
    },
    "9fd2712c002f4eb6b073e2998aef0201": {
      "selected": false
    },
    "8030fd379a824a5e80522989f1965ae0": {
      "selected": false
    },
    "63f8c14b07ff49d6abff361bdf9d7413": {
      "selected": false
    },
    "88b8cc2d515b4e2f881a8306395b323c": {
      "selected": true
    },
    "bf79d14ee8984bc58d752215c1223617": {
      "selected": true
    },
    "09f6516c9f764fae84f975f67ca0be58": {
      "selected": true
    },
    "d38f7f2cbcdf477889c33ce5c4e85a5b": {
      "selected": false
    },
    "4cb0973244ab4d66b3de61a2933af092": {
      "selected": true
    },
    "4ca290f2a3a64a67bc13ca1f764ac7e3": {
      "selected": false
    },
    "59c74e5387a74ab4a6b26276496e96e9": {
      "selected": false
    },
    "c49c47b1809c42cfb7ec8e318fdaef3f": {
      "selected": false
    },
    "2731c64e3cf547b19eb126029410af25": {
      "selected": false
    },
    "b42f61d60afd4f7abdfccb36a228e2bd": {
      "selected": false
    },
    "860a53153acb454a8d60a79b520bbb8b": {
      "selected": false
    },
    "4664a6a2b704442da6d41729a59be490": {
      "selected": false
    },
    "d92b76c2340e42e58e5917e05018392c": {
      "selected": true
    },
    "d7cc88fe4626470cb49acabc888baa95": {
      "selected": false
    },
    "8ed2e587fde1445f99317f2472b9602e": {
      "selected": true
    },
    "a79d1ba6a49648f8b18f56009e24b814": {
      "selected": false
    },
    "7a5fbf39a1cf4caa8b063dea89df0484": {
      "selected": false
    },
    "b4a92cb02f7a4db299f17a401277eff8": {
      "selected": false
    },
    "24e514aba65f451aa6789eae587ac0f4": {
      "selected": false
    },
    "2c6adf6795d84c0a878e84b59708218c": {
      "selected": false
    },
    "ab5eadabc00f4d40a91b06064241824e": {
      "selected": false
    },
    "c70ed66d0a314105a63eb2244879462a": {
      "selected": false
    },
    "70fb221e04064b56a5d3ee487838921a": {
      "selected": false
    },
    "b4136fd2b8b244e380d70efc43f1ce34": {
      "selected": false
    },
    "5d1e7836f7c8469f966807b5b7d0f1e5": {
      "selected": false
    },
    "ec6ad5310a374415b4555ca5d998d43b": {
      "selected": false
    },
    "df5a916979254bd489bdc405f91fc06c": {
      "selected": false
    },
    "62fa159e2f4b45b09e40bb51c94cff32": {
      "selected": false
    },
    "c1d3541464d14f24910653a0480d6ef4": {
      "selected": false
    },
    "519220dba8b64ee4ba6aa3244c29f84f": {
      "selected": false
    },
    "7e17cfea2ca942f7a425c62a04bb9b91": {
      "selected": false
    },
    "4ee0726e56de404b806b78ad119ff71b": {
      "selected": false
    },
    "98bac442dbd74bd385a514b5cc894841": {
      "selected": false
    },
    "d0ec7278bc0d446684104e56c765fb96": {
      "selected": true
    },
    "d4a6b33c974445d5ad3aa53b86368acd": {
      "selected": true
    },
    "4c1998e889464ac69c8a9fd57169ccf9": {
      "selected": true
    },
    "b8c96281fe854d5aa77a5323d14d1275": {
      "selected": true
    },
    "2326a61d9d0e4b49b6e0d11bafb71043": {
      "selected": true
    },
    "9deff11e967d4f62aab07d4bcd36b1a1": {
      "selected": true
    },
    "17bfc45b35b745388c9353179d55ebce": {
      "selected": true
    },
    "2d2585fd3ff84717bf040df3e1bb07fa": {
      "selected": true
    },
    "f0c5880a9bc64fa9a357e60edd0dac4f": {
      "selected": true
    },
    "c340f275bfed47b6896282105bd13fab": {
      "selected": true
    },
    "561a395fb0414e2b9932560b77b5ecd8": {
      "selected": true
    },
    "20e9915278a84f2c975c54fdaab56964": {
      "selected": true
    },
    "20287a3f6f174246b545dd29782bd7e9": {
      "selected": true
    },
    "a1da2be66dce4c6dbb0af679f7eee819": {
      "selected": false
    },
    "be06065f29b143edbc46dc5b4dbc57a8": {
      "selected": false
    },
    "02ae83bbed0640509b8f35415aa8e96c": {
      "selected": false
    },
    "c5a760371056403ebdc0183654e59a8c": {
      "selected": false
    },
    "9a7f438cac6d4a2ca2b00d179e5fbdd0": {
      "selected": false
    },
    "692a7a137aef49c994607f37841bee95": {
      "selected": false
    },
    "a00d39c6de1641e08aeedb10a4e739d2": {
      "selected": false
    },
    "73ea4c93a2c141ea8dae241243c31504": {
      "selected": false
    },
    "2415b30def9044d8ae2414c7adecadf8": {
      "selected": false
    },
    "88b4d1cc4a3e45d59615987298d54526": {
      "selected": false
    },
    "39bbc6ce0bbd44e5838747e1922c0b7c": {
      "selected": false
    },
    "c4a3493a1ae0429fb91066c38e8155e4": {
      "selected": false
    },
    "695f8fafb7df48cb9a72330353310d3d": {
      "selected": false
    },
    "aae5177bd5a14e80bc9f8c55d252ff03": {
      "selected": false
    },
    "5beb60f7185b4417b40848c728178224": {
      "selected": false
    },
    "11cae0e55db24050b38dc739cd571611": {
      "selected": true
    },
    "2befb08b4c8646da9221fb5a9eab1422": {
      "selected": true
    },
    "deb06033e08e49289e30731bdbedda9c": {
      "selected": false
    },
    "858966ec973c4b629f1a44b923c418bd": {
      "selected": false
    },
    "1d367e80cdd44e21852a36f86cdbe866": {
      "selected": false
    },
    "263b830bc48b4837aa937c40fa228ca9": {
      "selected": false
    },
    "51868fd742a941df89b01bb74aa08d6a": {
      "selected": false
    },
    "cf04f105c0104cd4ae79451a885f27c8": {
      "selected": false
    },
    "681b2969e5b04f05ac147e348ad4295b": {
      "selected": false
    },
    "cc912eec66414ddb9f3da4f341d0664a": {
      "selected": true
    },
    "1289bc2c75b047f0af0bcb44ee7c9bb8": {
      "selected": true
    },
    "cb9cb304524f4036ba79ea1ce19d183d": {
      "selected": false
    },
    "cd70a1ad05e146649b95de1eff5e67b3": {
      "selected": false
    },
    "1246e483ef2047bcb310521907df4447": {
      "selected": false
    },
    "05e8e3094eeb428a85916463f211507f": {
      "selected": false
    },
    "a53de8f143104875bc13277669ed3590": {
      "selected": false
    },
    "af52a7eb9fab4e0eba47fafb30849002": {
      "selected": false
    },
    "3a9079c213084161a935441ca2506a4f": {
      "selected": false
    },
    "27b6243a7bc44da9b6605dff4c04ad86": {
      "selected": false
    },
    "5b94c2bb43b94b77ab99772ffbccab53": {
      "selected": false
    },
    "750dd4e3449342dea3129a9b706e21a3": {
      "selected": false
    },
    "833db4fdf6af462c9c4f0c8c9ea212be": {
      "selected": false
    },
    "a7dce365dfc545b9a7a4f0b322a29c13": {
      "selected": false
    },
    "3413b66086c041a3a9e59d1136ccfec2": {
      "selected": false
    },
    "46e7ff5191fd487a9e01e793df89f323": {
      "selected": false
    },
    "320be6845381485cba1bf6bef754ebc8": {
      "selected": false
    },
    "b85bcbd0d65e4618a715dcc6c9a0bd11": {
      "selected": true
    },
    "421cad5c675442cda3954e7f10103392": {
      "selected": true
    },
    "2c2a6779a2d04127996e7ef40802acc7": {
      "selected": true
    },
    "ae77f1d2f814466686b44600e4b283e7": {
      "selected": true
    },
    "9710f5894ab04d3ca4003c82d8a71dda": {
      "selected": true
    },
    "cd304cbc566948068696c431336482e5": {
      "selected": false
    },
    "c3ea9c6d41db4e5691e342a15b52bd69": {
      "selected": true
    },
    "6970cc566a4d477cbbd0773e8c8fcff6": {
      "selected": true
    },
    "d3947a6a815c46e8ae29a261621e0a5d": {
      "selected": true
    },
    "77d599d265434b27861ce1cb44d4b6ef": {
      "selected": true
    },
    "cdf63894af0045d5aea79b1fa2aa65e9": {
      "selected": true
    },
    "42f201bd58944511a1242bd52e497397": {
      "selected": true
    },
    "f2e3a31b1ccf45829b738e013f81a322": {
      "selected": true
    },
    "93a802e4681e403298ca92d0cc59b00b": {
      "selected": true
    },
    "fdfa1f00aa544464a415297e425c3783": {
      "selected": true
    },
    "726fe32d8372472b9e1dc7abfceb97fd": {
      "selected": true
    },
    "409ef02b7e2847ee85aa8caebdd33a53": {
      "selected": true
    },
    "2896562afead4ada99b3513f4979fe60": {
      "selected": true
    },
    "1429cae0025544c7aaaf966f0b0d5c46": {
      "selected": true
    },
    "903ab2ff4a6a490d8b23cc66e8b4dda2": {
      "selected": true
    },
    "fd6e297139b24e2aa4687285a83582af": {
      "selected": true
    },
    "16b050dd2b324775912c86d4bb559a04": {
      "selected": true
    },
    "1ffc773c3344474aa6b8296e0a2e0ff0": {
      "selected": true
    },
    "3832419d54a045c499d0f4d7f0d961df": {
      "selected": true
    },
    "770a7caf71c14e09af6d16cf30012188": {
      "selected": true
    },
    "da9b6ff529894b6693a077b5d0d2d738": {
      "selected": true
    },
    "5387217df1dc433b86d3dfef786c9456": {
      "selected": true
    },
    "70d9dcb9653e4c5ba0380f0aef8650da": {
      "selected": true
    },
    "cab6928c0d6a422dab8396f238e67826": {
      "selected": true
    },
    "20f98d2ac7554af385e0c651bade89da": {
      "selected": true
    },
    "a015c3a42a244918b4e29eb9993d0430": {
      "selected": true
    },
    "3bbbf103e6ab494ca2dd125115ca1e2a": {
      "selected": true
    },
    "44260c15868a474db21b4ae48142b699": {
      "selected": true
    },
    "08d1adc1650a4797ae4fe24d7b304e05": {
      "selected": true
    },
    "8fae744bc2254d578d90bf4d01c72552": {
      "selected": true
    },
    "56133f3f0c1646b78ebf6b0bce640fb2": {
      "selected": true
    },
    "de8c8f5a6df3439ea0cf947f7013002f": {
      "selected": false
    },
    "c3118d5980694ec685cca3ba7cf060a2": {
      "selected": false
    },
    "ffe30d74979e4b41af016d71c1239be8": {
      "selected": false
    },
    "0fdbcdd33c7a4d71ae894ef0447e717e": {
      "selected": false
    },
    "716a27ba14ab41e889b6ea9c814a2278": {
      "selected": false
    },
    "353e168252504f39bba29d45881a158f": {
      "selected": false
    },
    "0e95398a28254728bcc9d28f4357f09f": {
      "selected": false
    },
    "072bf843b91f499ca30249ed62185fc2": {
      "selected": false
    },
    "a9f383b4c93c4cb68672278953b74808": {
      "selected": false
    },
    "fd50d044abff4e72a61c6b7b960fe0ba": {
      "selected": false
    },
    "e62072e79d824907a2d9a5d17b30665b": {
      "selected": false
    },
    "4a7d06e2d41b4c0b9d4a675ce4b55cdc": {
      "selected": false
    },
    "b899a99e23604ef3b660bae297419bd6": {
      "selected": false
    },
    "3275fc4d7db0425dba119a9155936f7a": {
      "selected": false
    },
    "c51f7c927cd044e8884406dd12e3be6f": {
      "selected": false
    },
    "9a901bb7baa64c11ab00c6cc8286276a": {
      "selected": false
    },
    "3c1457bd2abf4feeb0d948a627a183f5": {
      "selected": false
    },
    "61f627fb23934bec8975f38b20ac73a8": {
      "selected": false
    },
    "4453b6543157401fa07e258d7b3464a8": {
      "selected": false
    },
    "be5c0d66f1404249ab403f978c428bcc": {
      "selected": false
    },
    "176d953c472d4d0bac79b9ec1283fd8f": {
      "selected": false
    },
    "ba01e632f6a940fab57f5a9b479b4813": {
      "selected": false
    },
    "ad69f8587fd34333b789a2f018935a00": {
      "selected": false
    },
    "ef88e8e9a3434671b7337cd22257fd56": {
      "selected": false
    },
    "da7a5a21ecdd4ccca55a61b2a65010ba": {
      "selected": false
    },
    "3ff4c58475864dc29701068795fe38c2": {
      "selected": false
    },
    "481cbb82f17f4b1095625fd993e11f5b": {
      "selected": false
    },
    "96330522316748cab4f933797626ba8d": {
      "selected": false
    },
    "1cbaaf4962c6410d87e53a9695dc1996": {
      "selected": false
    },
    "8b2ccb1de381485694c27f2d10967127": {
      "selected": false
    },
    "9b79bb1a4d2d4b99961d7412fbdf130b": {
      "selected": false
    },
    "b40a64dd8ad44ea59e16e4dabc5ad723": {
      "selected": false
    },
    "56ebd27518e544b69b3c0a47027fa6a1": {
      "selected": false
    },
    "4b70a6c0eb56463c97192e0597b8d961": {
      "selected": false
    },
    "c392b3380f444a769bdb84991208f2ef": {
      "selected": false
    },
    "dffdf5a1bfaa481cb78826501fe07757": {
      "selected": false
    },
    "acb3c4b924f54cca9ed894def9f2be54": {
      "selected": false
    },
    "1a1668d91d004954a3b270f321c82c5b": {
      "selected": false
    },
    "5280f046a72449a28c646a7f6aafd0ee": {
      "selected": false
    },
    "561f571999ad41e184914d933552a716": {
      "selected": false
    },
    "3191235b66344695b71bc10068951d9e": {
      "selected": false
    },
    "8dd5c1cdc7564bfeb42cf1a540c38a5b": {
      "selected": false
    },
    "93740ee70b414c5897c14fa2becb3ec7": {
      "selected": false
    },
    "5df8db2b4eb84859a41343860da98a13": {
      "selected": false
    },
    "ce93a4da38d94c13987e346feb715621": {
      "selected": false
    },
    "388a357070fa463aaea1e24035049152": {
      "selected": false
    },
    "e65cd626c4954da4adeb27a22070e758": {
      "selected": false
    },
    "74d1e74f8d0340f89a30fa5306b9397b": {
      "selected": false
    },
    "9c8f1bcd89544c9ab12bcce73f1263e4": {
      "selected": true
    },
    "569c0ce86e504e4b8c0550608924f01a": {
      "selected": true
    },
    "502eec7fdb9743528cff40972053f2a1": {
      "selected": true
    },
    "1f596ec1335a4e63832d45907b91107b": {
      "selected": false
    },
    "25c1441c1f384e368e02b671f6ca290d": {
      "selected": true
    },
    "5177a6f1e4394ee3a24a4477857c67ad": {
      "selected": false
    },
    "b9bd3b25deff4b40a1e9320d6359e871": {
      "selected": false
    },
    "48c64c329ffe46bb9036e33a2a1da3a1": {
      "selected": false
    },
    "d84715a40500443ca327e9db20b4987e": {
      "selected": false
    },
    "9e6bcf548f094ce59bb3479aab52766b": {
      "selected": false
    },
    "79fafc475c8145f1a30cd7ced9c1947b": {
      "selected": false
    },
    "8912692500014a2e9be6fe1b5911d3eb": {
      "selected": false
    },
    "8692f46020454213bb42187c3e23940a": {
      "selected": false
    },
    "b6c5b56db74542f4a9be8207d73bb915": {
      "selected": false
    },
    "277b263a75e047798475debb0da4f87e": {
      "selected": false
    },
    "6899d6cb414d4b19bcdc7189f847b08f": {
      "selected": false
    },
    "d027110c8a1b4d79a0dcac967ff58b32": {
      "selected": true
    },
    "ad3259a63183486da09f84d1696d5b45": {
      "selected": false
    },
    "713c7ac567994f50ba322e65661ebcd6": {
      "selected": false
    },
    "c915609f97fb48f886b77504e1a770b8": {
      "selected": false
    },
    "1bc55957b93a4a8188db49f8c63f765a": {
      "selected": true
    },
    "5ab5b7d46eae4f139a793236036b8240": {
      "selected": true
    },
    "56cc21a8ac3a4f4381eab2752989e4d0": {
      "selected": true
    },
    "00b2303446f5474d80edf1c85dd2bb33": {
      "selected": true
    },
    "58b1616ce1454420813ca83a934bea7c": {
      "selected": true
    },
    "5beee6ea421d4071a22c30031a898073": {
      "selected": true
    },
    "acc6d9aed95a44a898f03fbdcea6ffce": {
      "selected": true
    },
    "d774dd21259049158eb3176afa7dd250": {
      "selected": true
    },
    "dd23f9e05a6b4d6ca2fd6572d5de3288": {
      "selected": false
    },
    "2ef9af28563649098a701b6172e32e19": {
      "selected": false
    },
    "9c7c7dc1667f46c086fbdaec742aff6e": {
      "selected": false
    },
    "42f29bf7e5a44dc38fdef5d8cc0800f7": {
      "selected": false
    },
    "d94e395067be41398f2b011dec091097": {
      "selected": false
    },
    "4f7cc6d139744d7a963170fc0d3ceeb5": {
      "selected": false
    },
    "01a5f9dc9c7549ba8a8a1ab0d4b7205d": {
      "selected": false
    },
    "82f16213e844458086dadcf8b1b90022": {
      "selected": false
    },
    "83c1b38999d7459dae781b676bb3b09c": {
      "selected": false
    },
    "83aa58af61064c7cb01926560366aedb": {
      "selected": false
    },
    "c9a881313b0e483fa1eabd12559fd4bf": {
      "selected": false
    },
    "8919552404d243cfbb22f0b38f58b28c": {
      "selected": false
    },
    "e69286cf6ba34ffd8215fb5f7abf139c": {
      "selected": false
    },
    "e081c06f5248498c85f6623fe69f6712": {
      "selected": false
    },
    "03e236750245455c9abc707296ac7fa1": {
      "selected": false
    },
    "4412428347b840729ce843e64d14255e": {
      "selected": false
    },
    "543c3e58ea484268aec2c013085c4dfd": {
      "selected": false
    },
    "3e46efbd1a7442f5a50ff64f294f29ea": {
      "selected": false
    },
    "0944f1a82c7246309c9acc7c43dbe06a": {
      "selected": false
    },
    "420f6a46855648cd90707214780c3576": {
      "selected": false
    },
    "300712a5b83e49db88cb6e20ba77c53a": {
      "selected": false
    },
    "699f1b83d8cc46dfba4df399343919a0": {
      "selected": false
    },
    "7d5a9ba597be4f0683df127e87f62e12": {
      "selected": false
    }
  }
}
