{
  "analysisTools": [
    {
      "name": "AggregatePoints",
      "showHelp": true,
      "showCredits": false,
      "showChooseExtent": true,
      "showReadyToUseLayers": false,
      "allowToExport": false,
      "returnFeatureCollection": true
    },
    {
      "name": "CreateBuffers",
      "showHelp": true,
      "showCredits": false,
      "showChooseExtent": true,
      "showReadyToUseLayers": false,
      "allowToExport": false,
      "returnFeatureCollection": true
    },
    {
      "name": "FindExistingLocations",
      "showHelp": true,
      "showCredits": false,
      "showChooseExtent": true,
      "showReadyToUseLayers": false,
      "allowToExport": false,
      "returnFeatureCollection": true,
      "toolLabel": "Query Builder"
    },
    {
      "name": "FindHotSpots",
      "showHelp": true,
      "showCredits": false,
      "showChooseExtent": true,
      "showReadyToUseLayers": false,
      "allowToExport": false,
      "returnFeatureCollection": true
    },
    {
      "name": "JoinFeatures",
      "showHelp": true,
      "showCredits": false,
      "showChooseExtent": true,
      "showReadyToUseLayers": false,
      "allowToExport": false,
      "returnFeatureCollection": true
    },
    {
      "name": "MergeLayers",
      "showHelp": true,
      "showCredits": false,
      "showChooseExtent": true,
      "showReadyToUseLayers": false,
      "allowToExport": false,
      "returnFeatureCollection": true
    },
    {
      "name": "OverlayLayers",
      "showHelp": true,
      "showCredits": false,
      "showChooseExtent": true,
      "showReadyToUseLayers": false,
      "allowToExport": false,
      "returnFeatureCollection": true,
      "toolLabel": "Spatial Operations"
    }
  ]
}
