{
  "basemapGallery": {
    "mode": 2,
    "basemaps": [
     {

        "title": "OS Basemap",
        "thumbnailUrl": "${appPath}configs/BasemapGallery/OSBasemap.png",
        "layers": [
	 {
            "type": "VectorTileLayer",
            "layerType": "VectorTileLayer",
            "title": "OS Basemap",
            "styleUrl": "https://dv-gis.dev.southernwater.co.uk/server/rest/services/Hosted/OSBasemap/VectorTileServer/resources/styles/root.json",
            "itemId": "0f68dfca80c04d819682fc4c510e0a7f",
            "visibility": true,
            "opacity": 1
          }
        ],
        "spatialReference": {
          "wkid": 27700,
          "latestWkid": 27700
        }
      },
 {

        "title": "OS Basemap Black and White",
        "thumbnailUrl": "${appPath}configs/BasemapGallery/OSBasemapBlackAndWhite.png",
        "layers": [
          {
            "type": "VectorTileLayer",
            "layerType": "VectorTileLayer",
            "title": "OS Basemap Black and White",
            "styleUrl": "https://dv-gis.dev.southernwater.co.uk/portal/sharing/rest/content/items/4777591e662a4934953b4075a683e7e1/resources/styles/root.json",
            "itemId": "ac98c83bb7b8451eb31a74b51eb9f9ba",
            "visibility": true,
            "opacity": 1
          }
        ],
        "spatialReference": {
          "wkid": 27700,
          "latestWkid": 27700
        }
      },
{
        "title": "OS Basemap Outdoor",
        "thumbnailUrl": "${appPath}configs/BasemapGallery/OSBasemapOutdoors.png",
        "layers": [
	 {
            "type": "VectorTileLayer",
            "layerType": "VectorTileLayer",
            "title": "OS Basemap Outdoor",
            "styleUrl": "https://dv-gis.dev.southernwater.co.uk/portal/sharing/rest/content/items/21f0278234844de9b06642e765716735/resources/styles/root.json",
            "itemId": "92855988fe274f41a33b2f816e315498",
            "visibility": true,
            "opacity": 1
          }
        ],
        "spatialReference": {
          "wkid": 27700,
          "latestWkid": 27700
        }
      }
    ]
  }
}
