{
  "numPerPage": 30,
  "scopeOptions": {
    "MyContent": {
      "allow": false,
      "label": null
    },
    "MyOrganization": {
      "allow": false,
      "label": null
    },
    "Curated": {
      "allow": true,
      "label": null,
      "filter": "group:3b78cb98bc754994b340257da203b189"
    },
    "ArcGISOnline": {
      "allow": false,
      "label": null
    },
    "defaultScope": "MyOrganization"
  },
  "addFromUrl": {
    "allow": false
  },
  "addFromFile": {
    "allow": false,
    "maxRecordCount": 1000
  }
}
