{
  "allPlaceholder": "Non-Address Search",
  "showInfoWindowOnSelect":false,
  "sources": [
    {
      "layerId": null,
      "url": "https://dv-gis.dev.southernwater.co.uk/server/rest/services/Water/COR_RO_WATER/FeatureServer/1",
      "name": "Water Assembly",
      "placeholder": "Find Water Assembly",
      "searchFields": [
        "ASSETID"
      ],
      "displayField": "ASSETID",
      "exactMatch": false,
      "searchInCurrentMapExtent": false,
      "panToScale": false,
      "zoomScale": null,
      "maxSuggestions": 6,
      "maxResults": 6,
      "type": "query"
    },
    {
      "layerId": null,
      "url": "https://dv-gis.dev.southernwater.co.uk/server/rest/services/Water/COR_RO_WATER/FeatureServer/5",
      "name": "Water Device",
      "placeholder": "Find Water Device",
      "searchFields": [
        "ASSETID"
      ],
      "displayField": "ASSETID",
      "exactMatch": false,
      "searchInCurrentMapExtent": false,
      "panToScale": false,
      "zoomScale": 250,
      "maxSuggestions": 6,
      "maxResults": 6,
      "type": "query"
    },
    {
      "layerId": null,
      "url": "https://dv-gis.dev.southernwater.co.uk/server/rest/services/Water/COR_RO_WATER/FeatureServer/10",
      "name": "Water Junction",
      "placeholder": "Find Water Junction",
      "searchFields": [
        "ASSETID"
      ],
      "displayField": "ASSETID",
      "exactMatch": false,
      "searchInCurrentMapExtent": false,
      "panToScale": false,
      "zoomScale": null,
      "maxSuggestions": 6,
      "maxResults": 6,
      "type": "query"
    },
    {
      "layerId": null,
      "url": "https://dv-gis.dev.southernwater.co.uk/server/rest/services/Water/COR_RO_WATER/FeatureServer/20",
      "name": "Water Pipe",
      "placeholder": "Find Water Pipe",
      "searchFields": [
        "ASSETID"
      ],
      "displayField": "ASSETID",
      "exactMatch": false,
      "searchInCurrentMapExtent": false,
      "panToScale": false,
      "zoomScale": null,
      "maxSuggestions": 6,
      "maxResults": 6,
      "type": "query"
    },
    {
      "layerId": null,
      "url": "https://dv-gis.dev.southernwater.co.uk/server/rest/services/Water/COR_RO_WATER/FeatureServer/25",
      "name": "Water Structure Junction",
      "placeholder": "Find Water Structure Junction",
      "searchFields": [
        "ASSETID"
      ],
      "displayField": "ASSETID",
      "exactMatch": false,
      "searchInCurrentMapExtent": false,
      "panToScale": false,
      "zoomScale": null,
      "maxSuggestions": 6,
      "maxResults": 6,
      "type": "query"
    },
    {
      "layerId": null,
      "url": "https://dv-gis.dev.southernwater.co.uk/server/rest/services/Water/COR_RO_WATER/FeatureServer/30",
      "name": "Water Structure Line",
      "placeholder": "Find Water Structure Line",
      "searchFields": [
        "ASSETID"
      ],
      "displayField": "ASSETID",
      "exactMatch": false,
      "searchInCurrentMapExtent": false,
      "panToScale": false,
      "zoomScale": null,
      "maxSuggestions": 6,
      "maxResults": 6,
      "type": "query"
    },
    {
      "layerId": null,
      "url": "https://dv-gis.dev.southernwater.co.uk/server/rest/services/OpsBoundary/COR_RO_WATEROPBOUNDARIES/FeatureServer/4",
      "name": "Water Supply Zone",
      "placeholder": "Find Water Supply Zone",
      "searchFields": [
        "WSZ_REF",
        "WATER_SUPPLY_ZONE"
      ],
      "displayField": "WATER_SUPPLY_ZONE",
      "exactMatch": false,
      "searchInCurrentMapExtent": false,
      "panToScale": false,
      "zoomScale": null,
      "maxSuggestions": 6,
      "maxResults": 6,
      "type": "query"
    },
    {
      "layerId": null,
      "url": "https://dv-gis.dev.southernwater.co.uk/server/rest/services/OpsBoundary/COR_RO_WATEROPBOUNDARIES/FeatureServer/6",
      "name": "District Meter Area",
      "placeholder": "Find District Meter Area",
      "searchFields": [
        "DMA_REF",
        "DMA_DESCRIPTION"
      ],
      "displayField": "DMA_DESCRIPTION",
      "exactMatch": false,
      "searchInCurrentMapExtent": false,
      "panToScale": false,
      "zoomScale": null,
      "maxSuggestions": 6,
      "maxResults": 6,
      "type": "query"
    },
    {
      "layerId": null,
      "url": "https://dv-gis.dev.southernwater.co.uk/server/rest/services/Waste/COR_RO_WASTE/FeatureServer/5",
      "name": "Wastewater Assembly",
      "placeholder": "Find Wastewater Assembly",
      "searchFields": [
        "ASSETID"
      ],
      "displayField": "ASSETID",
      "exactMatch": false,
      "searchInCurrentMapExtent": false,
      "panToScale": false,
      "zoomScale": null,
      "maxSuggestions": 6,
      "maxResults": 6,
      "type": "query"
    },
    {
      "layerId": null,
      "url": "https://dv-gis.dev.southernwater.co.uk/server/rest/services/Waste/COR_RO_WASTE/FeatureServer/10",
      "name": "Wastewater Device",
      "placeholder": "Find Wastewater Device",
      "searchFields": [
        "ASSETID",
        "STC25"
      ],
      "displayField": "ASSETID",
      "exactMatch": false,
      "searchInCurrentMapExtent": false,
      "panToScale": false,
      "zoomScale": null,
      "maxSuggestions": 6,
      "maxResults": 6,
      "type": "query"
    },
    {
      "layerId": null,
      "url": "https://dv-gis.dev.southernwater.co.uk/server/rest/services/Waste/COR_RO_WASTE/FeatureServer/15",
      "name": "Wastewater Junction",
      "placeholder": "Find Wastewater Junction",
      "searchFields": [
        "ASSETID"
      ],
      "displayField": "ASSETID",
      "exactMatch": false,
      "searchInCurrentMapExtent": false,
      "panToScale": false,
      "zoomScale": null,
      "maxSuggestions": 6,
      "maxResults": 6,
      "type": "query"
    },
    {
      "layerId": null,
      "url": "https://dv-gis.dev.southernwater.co.uk/server/rest/services/Waste/COR_RO_WASTE/FeatureServer/20",
      "name": "Wastewater Pipe",
      "placeholder": "Find Wastewater Pipe",
      "searchFields": [
        "ASSETID"
      ],
      "displayField": "ASSETID",
      "exactMatch": false,
      "searchInCurrentMapExtent": false,
      "panToScale": false,
      "zoomScale": null,
      "maxSuggestions": 6,
      "maxResults": 6,
      "type": "query"
    },
    {
      "layerId": null,
      "url": "https://dv-gis.dev.southernwater.co.uk/server/rest/services/Waste/COR_RO_WASTE/FeatureServer/25",
      "name": "Wastewater Structure Junction",
      "placeholder": "Find Wastewater Structure Junction",
      "searchFields": [
        "ASSETID", "STC25"
      ],
      "displayField": "ASSETID",
      "exactMatch": false,
      "searchInCurrentMapExtent": false,
      "panToScale": false,
      "zoomScale": null,
      "maxSuggestions": 6,
      "maxResults": 6,
      "type": "query"
    },
    {
      "layerId": null,
      "url": "https://dv-gis.dev.southernwater.co.uk/server/rest/services/Waste/COR_RO_WASTE/FeatureServer/30",
      "name": "Wastewater Structure Line",
      "placeholder": "Find Wastewater Structure Line",
      "searchFields": [
        "ASSETID"
      ],
      "displayField": "ASSETID",
      "exactMatch": false,
      "searchInCurrentMapExtent": false,
      "panToScale": false,
      "zoomScale": null,
      "maxSuggestions": 6,
      "maxResults": 6,
      "type": "query"
    },
    {
      "layerId": null,
      "url": "https://dv-gis.dev.southernwater.co.uk/server/rest/services/OpsBoundary/COR_RO_WASTEWATEROPBOUNDARIES/FeatureServer/1",
      "name": "Catchment",
      "placeholder": "Find Catchment",
      "searchFields": [
        "SITE_UNIT_GROUP_CODE",
        "SITE_UNIT_GROUP"
      ],
      "displayField": "SITE_UNIT_GROUP",
      "exactMatch": false,
      "searchInCurrentMapExtent": false,
      "panToScale": false,
      "zoomScale": null,
      "maxSuggestions": 6,
      "maxResults": 6,
      "type": "query"
    },
    {
      "layerId": null,
      "url": "https://dv-gis.dev.southernwater.co.uk/server/rest/services/OpsBoundary/COR_RO_WASTEWATEROPBOUNDARIES/FeatureServer/4",
      "name": "Sub-Catchment",
      "placeholder": "Find Sub-Catchment",
      "searchFields": [
        "SUBCATCHMENT_ID",
        "SUBCATCHMENT_NAME"
      ],
      "displayField": "SUBCATCHMENT_NAME",
      "exactMatch": false,
      "searchInCurrentMapExtent": false,
      "panToScale": false,
      "zoomScale": null,
      "maxSuggestions": 6,
      "maxResults": 6,
      "type": "query"
    },
    {
      "layerId": null,
      "url": "https://dv-gis.dev.southernwater.co.uk/server/rest/services/Operations/COR_RO_SITES/FeatureServer/0",
      "name": "Catalogue Site - Water",
      "placeholder": "Find Catalogue Site - Water",
      "searchFields": [
        "SITE_UNIT_NUMBER",
        "SITE_UNIT_TITLE"
      ],
      "displayField": "SITE_UNIT_TITLE",
      "exactMatch": false,
      "searchInCurrentMapExtent": false,
      "panToScale": false,
      "zoomScale": 500,
      "maxSuggestions": 40,
      "maxResults": 40,
      "type": "query"
    },
    {
      "layerId": null,
      "url": "https://dv-gis.dev.southernwater.co.uk/server/rest/services/Operations/COR_RO_SITES/FeatureServer/1",
      "name": "Catalogue Site - Wastewater",
      "placeholder": "Find Catalogue Site - Wastewater",
      "searchFields": [
        "SITE_UNIT_NUMBER",
        "SITE_UNIT_TITLE"
      ],
      "displayField": "SITE_UNIT_TITLE",
      "exactMatch": false,
      "searchInCurrentMapExtent": false,
      "panToScale": false,
      "zoomScale": 500,
      "maxSuggestions": 40,
      "maxResults": 40,
      "type": "query"
    },
    {
      "layerId": null,
      "url": "https://dv-gis.dev.southernwater.co.uk/server/rest/services/Operations/COR_RO_SITES/FeatureServer/3",
      "name": "Catalogue Site - Other",
      "placeholder": "Find Catalogue Site - Other",
      "searchFields": [
        "SITE_UNIT_NUMBER",
        "SITE_UNIT_TITLE"
      ],
      "displayField": "SITE_UNIT_TITLE",
      "exactMatch": false,
      "searchInCurrentMapExtent": false,
      "panToScale": false,
      "zoomScale": 500,
      "maxSuggestions": 40,
      "maxResults": 40,
      "type": "query"
    },
    {
      "layerId": null,
      "url": "https://dv-gis.dev.southernwater.co.uk/server/rest/services/Customer/COR_RO_PSRCUSTOMERS/FeatureServer/1",
      "name": "PSR Water",
      "placeholder": "Find PSR Water Customer",
      "searchFields": [
        "BP"
      ],
      "displayField": "BP",
      "exactMatch": false,
      "searchInCurrentMapExtent": false,
      "panToScale": false,
      "zoomScale": 500,
      "maxSuggestions": 6,
      "maxResults": 6,
      "type": "query"
    },
    {
      "layerId": null,
      "url": "https://dv-gis.dev.southernwater.co.uk/server/rest/services/Customer/COR_RO_PSRCUSTOMERS/FeatureServer/2",
      "name": "PSR Wastewater",
      "placeholder": "Find PSR Wastewater Customer",
      "searchFields": [
        "BP"
      ],
      "displayField": "BP",
      "exactMatch": false,
      "searchInCurrentMapExtent": false,
      "panToScale": false,
      "zoomScale": 500,
      "maxSuggestions": 6,
      "maxResults": 6,
      "type": "query"
    },
    {
      "layerId": null,
      "url": "https://dv-gis.dev.southernwater.co.uk/server/rest/services/Operations/COR_RO_CUSTOMERCALLS/FeatureServer/1",
      "name": "Water Contact",
      "placeholder": "Find Water Contact",
      "searchFields": [
        "ENQ_NO"
      ],
      "displayField": "ENQ_NO",
      "exactMatch": false,
      "searchInCurrentMapExtent": false,
      "panToScale": false,
      "zoomScale": 500,
      "maxSuggestions": 6,
      "maxResults": 6,
      "type": "query"
    },
    {
      "layerId": null,
      "url": "https://dv-gis.dev.southernwater.co.uk/server/rest/services/Operations/COR_RO_CUSTOMERCALLS/FeatureServer/2",
      "name": "Wastewater Contact",
      "placeholder": "Find Wastewater Contact",
      "searchFields": [
        "ENQ_NO"
      ],
      "displayField": "ENQ_NO",
      "exactMatch": false,
      "searchInCurrentMapExtent": false,
      "panToScale": false,
      "zoomScale": 500,
      "maxSuggestions": 6,
      "maxResults": 6,
      "type": "query"
    },
    {
      "layerId": null,
      "url": "https://dv-gis.dev.southernwater.co.uk/server/rest/services/Operations/COR_RO_WORKORDERS/FeatureServer/0",
      "name": "Ellipse Work Order",
      "placeholder": "Find Ellipse Work Order",
      "searchFields": [
        "WORK_ORDER",
        "CSMS_NUM"
      ],
      "displayField": "WORK_ORDER",
      "exactMatch": false,
      "searchInCurrentMapExtent": false,
      "panToScale": false,
      "zoomScale": 500,
      "maxSuggestions": 6,
      "maxResults": 6,
      "type": "query"
    },
    {
      "layerId": null,
      "url": "https://dv-gis.dev.southernwater.co.uk/server/rest/services/Maximo/mx_workorders/FeatureServer/0",
      "name": "Maximo Work Order",
      "placeholder": "Find Maximo Work Order",
      "searchFields": [
        "WONUM",
        "SWSGISCSMSNUMBER"
      ],
      "displayField": "WONUM",
      "exactMatch": false,
      "searchInCurrentMapExtent": false,
      "panToScale": false,
      "zoomScale": 500,
      "maxSuggestions": 6,
      "maxResults": 6,
      "type": "query"
    }
  ]
}
