{
  "allPlaceholder": "",
  "showInfoWindowOnSelect": true,
  "sources": [
{
      "url": "https://dv-gis.dev.southernwater.co.uk/server/rest/services/Locator/os_addressbasepremium_curr_address_locator_latest/GeocodeServer",
      "name": "Address",
      "singleLineFieldName": "SingleLine",
      "placeholder": "Find Address",
      "countryCode": "",
      "panToScale": false,
      "zoomScale": null,
      "maxSuggestions": 20,
      "maxResults": 20,
      "searchInCurrentMapExtent": false,
      "enableLocalSearch": true,
      "localSearchMinScale": 300000,
      "localSearchDistance": 160000,
      "radiusUnit": "meter",
      "type": "locator"
    },
    {
      "url": "https://geocode.arcgis.com/arcgis/rest/services/World/GeocodeServer",
      "name": "Places",
      "singleLineFieldName": "SingleLine",
      "placeholder": "Find Places",
      "countryCode": "UK",
      "panToScale": false,
      "zoomScale": null,
      "maxSuggestions": 6,
      "maxResults": 6,
      "searchInCurrentMapExtent": false,
      "enableLocalSearch": true,
      "localSearchMinScale": 300000,
      "localSearchDistance": 50000,
      "radiusUnit": "meter",
      "type": "locator"
    },
    {
      "url": "https://datahub.esriuk.com/arcgis/rest/services/gb_locators/bng_locator/GeocodeServer",
      "name": "Coordinates",
      "singleLineFieldName": "SingleLine",
      "placeholder": "Find Coordinates",
      "countryCode": "",
      "panToScale": false,
      "zoomScale": null,
      "maxSuggestions": 6,
      "maxResults": 6,
      "searchInCurrentMapExtent": false,
      "enableLocalSearch": false,
      "localSearchMinScale": 300000,
      "localSearchDistance": 50000,
      "radiusUnit": "meter",
      "type": "locator"
    },
    {
      "url": "https://dv-gis.dev.southernwater.co.uk/portal/sharing/servers/0fd989c3d9b64dafbadd1577659e49a8/rest/services/what3words_EN_English/GeocodeServer",
      "name": "what3words",
      "singleLineFieldName": "SingleLine",
      "placeholder": "Find what3words",
      "countryCode": "",
      "panToScale": false,
      "zoomScale": null,
      "maxSuggestions": 6,
      "maxResults": 6,
      "searchInCurrentMapExtent": false,
      "enableLocalSearch": false,
      "localSearchMinScale": 300000,
      "localSearchDistance": 50000,
      "radiusUnit": "",
      "type": "locator"
    }
  ]
}
