{
  "allPlaceholder": "Non-Address Search",
  "showInfoWindowOnSelect":false,
  "sources": [
    {
      "layerId": "c08da0fdb7ab402a97622ddec7f07171",
      "url": "https://dv-gis.dev.southernwater.co.uk/server/rest/services/Water/COR_RO_WATER/FeatureServer/1",
      "name": "Water Assembly",
      "placeholder": "Find Water Assembly",
      "searchFields": [
        "ASSETID"
      ],
      "displayField": "ASSETID",
      "exactMatch": false,
      "searchInCurrentMapExtent": false,
      "panToScale": false,
      "zoomScale": null,
      "maxSuggestions": 6,
      "maxResults": 6,
      "type": "query"
    },
    {
      "layerId": "9f8e05ce2b6a46a09d1bfbb41529af8d",
      "url": "https://dv-gis.dev.southernwater.co.uk/server/rest/services/Water/COR_RO_WATER/FeatureServer/5",
      "name": "Water Device",
      "placeholder": "Find Water Device",
      "searchFields": [
        "ASSETID"
      ],
      "displayField": "ASSETID",
      "exactMatch": false,
      "searchInCurrentMapExtent": false,
      "panToScale": false,
      "zoomScale": null,
      "maxSuggestions": 6,
      "maxResults": 6,
      "type": "query"
    },
    {
      "layerId": "7af603e8c38c4d3685e7f6d16fc0b5bb",
      "url": "https://dv-gis.dev.southernwater.co.uk/server/rest/services/Water/COR_RO_WATER/FeatureServer/10",
      "name": "Water Junction",
      "placeholder": "Find Water Junction",
      "searchFields": [
        "ASSETID"
      ],
      "displayField": "ASSETID",
      "exactMatch": false,
      "searchInCurrentMapExtent": false,
      "panToScale": false,
      "zoomScale": null,
      "maxSuggestions": 6,
      "maxResults": 6,
      "type": "query"
    },
    {
      "layerId": "c4b1bf3d2696467b9eecb48f6073998e",
      "url": "https://dv-gis.dev.southernwater.co.uk/server/rest/services/Water/COR_RO_WATER/FeatureServer/20",
      "name": "Water Pipe",
      "placeholder": "Find Water Pipe",
      "searchFields": [
        "ASSETID"
      ],
      "displayField": "ASSETID",
      "exactMatch": false,
      "searchInCurrentMapExtent": false,
      "panToScale": false,
      "zoomScale": null,
      "maxSuggestions": 6,
      "maxResults": 6,
      "type": "query"
    },
    {
      "layerId": "2eb6d8fa5b9d42bd8bd35aaaf552036d",
      "url": "https://dv-gis.dev.southernwater.co.uk/server/rest/services/Water/COR_RO_WATER/FeatureServer/25",
      "name": "Water Structure Junction",
      "placeholder": "Find Water Structure Junction",
      "searchFields": [
        "ASSETID"
      ],
      "displayField": "ASSETID",
      "exactMatch": false,
      "searchInCurrentMapExtent": false,
      "panToScale": false,
      "zoomScale": null,
      "maxSuggestions": 6,
      "maxResults": 6,
      "type": "query"
    },
    {
      "layerId": "5dfe4909b684409a9ae688102c113b15",
      "url": "https://dv-gis.dev.southernwater.co.uk/server/rest/services/Water/COR_RO_WATER/FeatureServer/30",
      "name": "Water Structure Line",
      "placeholder": "Find Water Structure Line",
      "searchFields": [
        "ASSETID"
      ],
      "displayField": "ASSETID",
      "exactMatch": false,
      "searchInCurrentMapExtent": false,
      "panToScale": false,
      "zoomScale": null,
      "maxSuggestions": 6,
      "maxResults": 6,
      "type": "query"
    },
    {
      "layerId": "ba23d2a0b9544cd6a5d0fbaca0a9ea0b",
      "url": "https://dv-gis.dev.southernwater.co.uk/server/rest/services/OpsBoundary/COR_RO_WATEROPBOUNDARIES/FeatureServer/4",
      "name": "Water Supply Zone",
      "placeholder": "Find Water Supply Zone",
      "searchFields": [
        "WSZ_REF",
        "WATER_SUPPLY_ZONE"
      ],
      "displayField": "WATER_SUPPLY_ZONE",
      "exactMatch": false,
      "searchInCurrentMapExtent": false,
      "panToScale": false,
      "zoomScale": null,
      "maxSuggestions": 6,
      "maxResults": 6,
      "type": "query"
    },
   
    {
      "layerId": "1f8ce29fb5bc4e64b580ac93c6788f92",
      "url": "https://dv-gis.dev.southernwater.co.uk/server/rest/services/Waste/COR_RO_WASTE/FeatureServer/5",
      "name": "Wastewater Assembly",
      "placeholder": "Find Wastewater Assembly",
      "searchFields": [
        "ASSETID"
      ],
      "displayField": "ASSETID",
      "exactMatch": false,
      "searchInCurrentMapExtent": false,
      "panToScale": false,
      "zoomScale": null,
      "maxSuggestions": 6,
      "maxResults": 6,
      "type": "query"
    },
    {
      "layerId": "1850cbec0b0f4b44a5716f3827da7995",
      "url": "https://dv-gis.dev.southernwater.co.uk/server/rest/services/Waste/COR_RO_WASTE/FeatureServer/10",
      "name": "Wastewater Device",
      "placeholder": "Find Wastewater Device",
      "searchFields": [
        "ASSETID"
      ],
      "displayField": "ASSETID",
      "exactMatch": false,
      "searchInCurrentMapExtent": false,
      "panToScale": false,
      "zoomScale": null,
      "maxSuggestions": 6,
      "maxResults": 6,
      "type": "query"
    },
    {
      "layerId": "583a65b68efa406aba9b7e43d0aac953",
      "url": "https://dv-gis.dev.southernwater.co.uk/server/rest/services/Waste/COR_RO_WASTE/FeatureServer/15",
      "name": "Wastewater Junction",
      "placeholder": "Find Wastewater Junction",
      "searchFields": [
        "ASSETID"
      ],
      "displayField": "ASSETID",
      "exactMatch": false,
      "searchInCurrentMapExtent": false,
      "panToScale": false,
      "zoomScale": null,
      "maxSuggestions": 6,
      "maxResults": 6,
      "type": "query"
    },
    {
      "layerId": "74bd732b917c46b5adc32caecd9c7a4a",
      "url": "https://dv-gis.dev.southernwater.co.uk/server/rest/services/Waste/COR_RO_WASTE/FeatureServer/20",
      "name": "Wastewater Pipe",
      "placeholder": "Find Wastewater Pipe",
      "searchFields": [
        "ASSETID"
      ],
      "displayField": "ASSETID",
      "exactMatch": false,
      "searchInCurrentMapExtent": false,
      "panToScale": false,
      "zoomScale": null,
      "maxSuggestions": 6,
      "maxResults": 6,
      "type": "query"
    },
    {
      "layerId": "6ab5b2502459477b819b5df06be36733",
      "url": "https://dv-gis.dev.southernwater.co.uk/server/rest/services/Waste/COR_RO_WASTE/FeatureServer/25",
      "name": "Wastewater Structure Junction",
      "placeholder": "Find Wastewater Structure Junction",
      "searchFields": [
        "ASSETID"
      ],
      "displayField": "ASSETID",
      "exactMatch": false,
      "searchInCurrentMapExtent": false,
      "panToScale": false,
      "zoomScale": null,
      "maxSuggestions": 6,
      "maxResults": 6,
      "type": "query"
    },
    {
      "layerId": "ef11244ab56a47ba818730741cd32cab",
      "url": "https://dv-gis.dev.southernwater.co.uk/server/rest/services/Waste/COR_RO_WASTE/FeatureServer/30",
      "name": "Wastewater Structure Line",
      "placeholder": "Find Wastewater Structure Line",
      "searchFields": [
        "ASSETID"
      ],
      "displayField": "ASSETID",
      "exactMatch": false,
      "searchInCurrentMapExtent": false,
      "panToScale": false,
      "zoomScale": null,
      "maxSuggestions": 6,
      "maxResults": 6,
      "type": "query"
    },
    {
      "layerId": "2749caffa2044471b6e422c04ad11f7a",
      "url": "https://dv-gis.dev.southernwater.co.uk/server/rest/services/OpsBoundary/COR_RO_WASTEWATEROPBOUNDARIES/FeatureServer/1",
      "name": "Catchment",
      "placeholder": "Find Catchment",
      "searchFields": [
        "SITE_UNIT_GROUP_CODE",
        "SITE_UNIT_GROUP"
      ],
      "displayField": "SITE_UNIT_GROUP",
      "exactMatch": false,
      "searchInCurrentMapExtent": false,
      "panToScale": false,
      "zoomScale": null,
      "maxSuggestions": 6,
      "maxResults": 6,
      "type": "query"
    },
    
    {
      "layerId": "20a0b992903943b5bb825db48f92a7de",
      "url": "https://dv-gis.dev.southernwater.co.uk/server/rest/services/Operations/COR_RO_SITES/FeatureServer/0",
      "name": "Catalogue Site - Water",
      "placeholder": "Find Catalogue Site - Water",
      "searchFields": [
        "SITE_UNIT_NUMBER",
        "SITE_UNIT_TITLE"
      ],
      "displayField": "SITE_UNIT_TITLE",
      "exactMatch": false,
      "searchInCurrentMapExtent": false,
      "panToScale": false,
      "zoomScale": 500,
      "maxSuggestions": 6,
      "maxResults": 6,
      "type": "query"
    },
    {
      "layerId": "32b1451090cc427c923ab1c298f6915c",
      "url": "https://dv-gis.dev.southernwater.co.uk/server/rest/services/Operations/COR_RO_SITES/FeatureServer/1",
      "name": "Catalogue Site - Wastewater",
      "placeholder": "Find Catalogue Site - Wastewater",
      "searchFields": [
        "SITE_UNIT_NUMBER",
        "SITE_UNIT_TITLE"
      ],
      "displayField": "SITE_UNIT_TITLE",
      "exactMatch": false,
      "searchInCurrentMapExtent": false,
      "panToScale": false,
      "zoomScale": 500,
      "maxSuggestions": 6,
      "maxResults": 6,
      "type": "query"
    },
    {
      "layerId": "586c4cee4ff8447b8af304d7f5bfe650",
      "url": "https://dv-gis.dev.southernwater.co.uk/server/rest/services/Operations/COR_RO_SITES/FeatureServer/3",
      "name": "Catalogue Site - Other",
      "placeholder": "Find Catalogue Site - Other",
      "searchFields": [
        "SITE_UNIT_NUMBER",
        "SITE_UNIT_TITLE"
      ],
      "displayField": "SITE_UNIT_TITLE",
      "exactMatch": false,
      "searchInCurrentMapExtent": false,
      "panToScale": false,
      "zoomScale": 500,
      "maxSuggestions": 6,
      "maxResults": 6,
      "type": "query"
    }

  ]
}
