{
  "allPlaceholder": "Non-Address Search",
  "showInfoWindowOnSelect":false,
  "sources": [
    {
      "layerId": null,
      "url": "https://dv-gis.dev.southernwater.co.uk/server/rest/services/Water/COR_RO_WATER/FeatureServer/1",
      "name": "Water Assembly",
      "placeholder": "Find Water Assembly",
      "searchFields": [
        "ASSETID"
      ],
      "displayField": "ASSETID",
      "exactMatch": false,
      "searchInCurrentMapExtent": false,
      "panToScale": false,
      "zoomScale": null,
      "maxSuggestions": 6,
      "maxResults": 6,
      "type": "query"
    },
    {
      "layerId": null,
      "url": "https://dv-gis.dev.southernwater.co.uk/server/rest/services/Water/COR_RO_WATER/FeatureServer/5",
      "name": "Water Device",
      "placeholder": "Find Water Device",
      "searchFields": [
        "ASSETID"
      ],
      "displayField": "ASSETID",
      "exactMatch": false,
      "searchInCurrentMapExtent": false,
      "panToScale": false,
      "zoomScale": null,
      "maxSuggestions": 6,
      "maxResults": 6,
      "type": "query"
    },
    {
      "layerId": null,
      "url": "https://dv-gis.dev.southernwater.co.uk/server/rest/services/Water/COR_RO_WATER/FeatureServer/10",
      "name": "Water Junction",
      "placeholder": "Find Water Junction",
      "searchFields": [
        "ASSETID"
      ],
      "displayField": "ASSETID",
      "exactMatch": false,
      "searchInCurrentMapExtent": false,
      "panToScale": false,
      "zoomScale": null,
      "maxSuggestions": 6,
      "maxResults": 6,
      "type": "query"
    },
    {
      "layerId": null,
      "url": "https://dv-gis.dev.southernwater.co.uk/server/rest/services/Water/COR_RO_WATER/FeatureServer/20",
      "name": "Water Pipe",
      "placeholder": "Find Water Pipe",
      "searchFields": [
        "ASSETID"
      ],
      "displayField": "ASSETID",
      "exactMatch": false,
      "searchInCurrentMapExtent": false,
      "panToScale": false,
      "zoomScale": null,
      "maxSuggestions": 6,
      "maxResults": 6,
      "type": "query"
    },
    {
      "layerId": null,
      "url": "https://dv-gis.dev.southernwater.co.uk/server/rest/services/Water/COR_RO_WATER/FeatureServer/25",
      "name": "Water Structure Junction",
      "placeholder": "Find Water Structure Junction",
      "searchFields": [
        "ASSETID"
      ],
      "displayField": "ASSETID",
      "exactMatch": false,
      "searchInCurrentMapExtent": false,
      "panToScale": false,
      "zoomScale": null,
      "maxSuggestions": 6,
      "maxResults": 6,
      "type": "query"
    },
    {
      "layerId": null,
      "url": "https://dv-gis.dev.southernwater.co.uk/server/rest/services/Water/COR_RO_WATER/FeatureServer/30",
      "name": "Water Structure Line",
      "placeholder": "Find Water Structure Line",
      "searchFields": [
        "ASSETID"
      ],
      "displayField": "ASSETID",
      "exactMatch": false,
      "searchInCurrentMapExtent": false,
      "panToScale": false,
      "zoomScale": null,
      "maxSuggestions": 6,
      "maxResults": 6,
      "type": "query"
    },


    {
      "layerId": null,
      "url": "https://dv-gis.dev.southernwater.co.uk/server/rest/services/Waste/COR_RO_WASTE/FeatureServer/5",
      "name": "Wastewater Assembly",
      "placeholder": "Find Wastewater Assembly",
      "searchFields": [
        "ASSETID"
      ],
      "displayField": "ASSETID",
      "exactMatch": false,
      "searchInCurrentMapExtent": false,
      "panToScale": false,
      "zoomScale": null,
      "maxSuggestions": 6,
      "maxResults": 6,
      "type": "query"
    },
    {
      "layerId": null,
      "url": "https://dv-gis.dev.southernwater.co.uk/server/rest/services/Waste/COR_RO_WASTE/FeatureServer/10",
      "name": "Wastewater Device",
      "placeholder": "Find Wastewater Device",
      "searchFields": [
        "ASSETID", "STC25"
      ],
      "displayField": "ASSETID",
      "exactMatch": false,
      "searchInCurrentMapExtent": false,
      "panToScale": false,
      "zoomScale": null,
      "maxSuggestions": 6,
      "maxResults": 6,
      "type": "query"
    },
    {
      "layerId": null,
      "url": "https://dv-gis.dev.southernwater.co.uk/server/rest/services/Waste/COR_RO_WASTE/FeatureServer/15",
      "name": "Wastewater Junction",
      "placeholder": "Find Wastewater Junction",
      "searchFields": [
        "ASSETID"
      ],
      "displayField": "ASSETID",
      "exactMatch": false,
      "searchInCurrentMapExtent": false,
      "panToScale": false,
      "zoomScale": null,
      "maxSuggestions": 6,
      "maxResults": 6,
      "type": "query"
    },
    {
      "layerId": null,
      "url": "https://dv-gis.dev.southernwater.co.uk/server/rest/services/Waste/COR_RO_WASTE/FeatureServer/20",
      "name": "Wastewater Pipe",
      "placeholder": "Find Wastewater Pipe",
      "searchFields": [
        "ASSETID"
      ],
      "displayField": "ASSETID",
      "exactMatch": false,
      "searchInCurrentMapExtent": false,
      "panToScale": false,
      "zoomScale": null,
      "maxSuggestions": 6,
      "maxResults": 6,
      "type": "query"
    },
    {
      "layerId": null,
      "url": "https://dv-gis.dev.southernwater.co.uk/server/rest/services/Waste/COR_RO_WASTE/FeatureServer/25",
      "name": "Wastewater Structure Junction",
      "placeholder": "Find Wastewater Structure Junction",
      "searchFields": [
        "ASSETID",
        "STC25"
      ],
      "displayField": "ASSETID",
      "exactMatch": false,
      "searchInCurrentMapExtent": false,
      "panToScale": false,
      "zoomScale": null,
      "maxSuggestions": 6,
      "maxResults": 6,
      "type": "query"
    },
    {
      "layerId": null,
      "url": "https://dv-gis.dev.southernwater.co.uk/server/rest/services/Waste/COR_RO_WASTE/FeatureServer/30",
      "name": "Wastewater Structure Line",
      "placeholder": "Find Wastewater Structure Line",
      "searchFields": [
        "ASSETID"
      ],
      "displayField": "ASSETID",
      "exactMatch": false,
      "searchInCurrentMapExtent": false,
      "panToScale": false,
      "zoomScale": null,
      "maxSuggestions": 6,
      "maxResults": 6,
      "type": "query"
    },
    {
      "layerId": null,
      "url": "https://dv-gis.dev.southernwater.co.uk/server/rest/services/Operations/COR_RO_SITES/FeatureServer/0",
      "name": "Catalogue Site - Water",
      "placeholder": "Find Catalogue Site - Water",
      "searchFields": [
        "SITE_UNIT_NUMBER",
        "SITE_UNIT_TITLE"
      ],
      "displayField": "SITE_UNIT_TITLE",
      "exactMatch": false,
      "searchInCurrentMapExtent": false,
      "panToScale": false,
      "zoomScale": 500,
      "maxSuggestions": 40,
      "maxResults": 40,
      "type": "query"
    },
    {
      "layerId": null,
      "url": "https://dv-gis.dev.southernwater.co.uk/server/rest/services/Operations/COR_RO_SITES/FeatureServer/1",
      "name": "Catalogue Site - Wastewater",
      "placeholder": "Find Catalogue Site - Wastewater",
      "searchFields": [
        "SITE_UNIT_NUMBER",
        "SITE_UNIT_TITLE"
      ],
      "displayField": "SITE_UNIT_TITLE",
      "exactMatch": false,
      "searchInCurrentMapExtent": false,
      "panToScale": false,
      "zoomScale": 500,
      "maxSuggestions": 40,
      "maxResults": 40,
      "type": "query"
    },
    {
      "layerId": null,
      "url": "https://dv-gis.dev.southernwater.co.uk/server/rest/services/Operations/COR_RO_SITES/FeatureServer/3",
      "name": "Catalogue Site - Other",
      "placeholder": "Find Catalogue Site - Other",
      "searchFields": [
        "SITE_UNIT_NUMBER",
        "SITE_UNIT_TITLE"
      ],
      "displayField": "SITE_UNIT_TITLE",
      "exactMatch": false,
      "searchInCurrentMapExtent": false,
      "panToScale": false,
      "zoomScale": 500,
      "maxSuggestions": 40,
      "maxResults": 40,
      "type": "query"
    }
  ]
}
