﻿{
  "theme": {
    "name": "FoldableTheme",
    "styles": [
      "yellow",
      "blue",
      "default",
      "green",
      "cyan",
      "black",
      "purple",
      "red"
    ],
    "version": "2.23",
    "sharedTheme": {
      "isPortalSupport": false,
      "useHeader": false,
      "useLogo": false
    },
    "customStyles": {
      "mainBackgroundColor": "#1f5780"
    }
  },
  "portalUrl": "https://dv-gis.dev.southernwater.co.uk/portal",
  "appId": "JJ6zYCtsomQmGjUv",
  "authorizedCrossOriginDomains": [
    "arcgis.what3words.com"
  ],
  "title": "",
  "subtitle": "",
  "titleBrowserTab": "GeoMap",
  "keepAppState": false,
  "logo": "images/app-logo.png",
  "geometryService": "https://dv-gis.dev.southernwater.co.uk/server/rest/services/Utilities/Geometry/GeometryServer",
  "links": [],
  "widgetOnScreen": {
    "widgets": [
      {
        "uri": "themes/FoldableTheme/widgets/HeaderController/Widget",
        "position": {
          "left": 0,
          "top": 0,
          "right": 0,
          "height": 40,
          "relativeTo": "browser"
        },
        "version": "2.23",
        "id": "themes_FoldableTheme_widgets_HeaderController_Widget_1",
        "name": "HeaderController",
        "config": "configs/HeaderController/config_themes_FoldableTheme_widgets_HeaderController_Widget_1.json"
      },
      {
        "uri": "widgets/Scalebar/Widget",
        "position": {
          "left": 7,
          "bottom": 25,
          "relativeTo": "map"
        },
        "version": "2.23",
        "id": "Scalebar",
        "name": "Scalebar",
        "config": "configs/Scalebar/config_Scalebar.json"
      },
      {
        "uri": "widgets/Scalebarunits/Widget",
        "position": {
          "left": 7,
          "bottom": 40,
          "relativeTo": "map"
        },
        "version": "2.23",
        "id": "Scalebarunits",
        "name": "Scalebarunits",
        "config": "configs/Scalebarunits/config_Scalebarunits.json"
      },
      {
        "uri": "widgets/Search/Widget",
        "position": {
          "left": 55,
          "top": 5,
          "relativeTo": "map"
        },
        "version": "2.23",
        "id": "AddressSearch",
        "name": "Search",
        "config": "configs/Search/config_AddressSearchAerialImagery.json"
      },
      {
        "uri": "widgets/Coordinate/Widget",
        "position": {
          "left": 7,
          "bottom": 5,
          "relativeTo": "map"
        },
        "version": "2.23",
        "id": "Coordinate",
        "name": "Coordinate",
        "config": "configs/Coordinate/config_AerialImageryCoordinate.json"
      },
      {
        "position": {
          "left": 55,
          "top": 45,
          "relativeTo": "map"
        },

        "placeholderIndex": 1,
        "id": "Measure",
        "name": "Measurement",
        "version": "2.23",
        "closeable": true,
        "uri": "widgets/Measurement/Widget",
        "config": "configs/Measurement/config_Measure.json"
      },
      {
        "position": {
          "left": 105,
          "top": 45,
          "relativeTo": "map"
        },
        "placeholderIndex": 1,
        "id": "Draw",
        "name": "Draw",
        "version": "2.23",
        "closeable": true,
        "uri": "widgets/Draw/Widget",
        "config": "configs/Draw/config_Draw.json"
      },

      {
        "uri": "widgets/OverviewMap/Widget",
        "position": {
          "bottom": 5,
          "right": 5,
          "zIndex": 1,
          "relativeTo": "map"
        },
        "version": "2.23",
        "id": "OverviewMap",
        "name": "OverviewMap",
        "config": "configs/OverviewMap/config_OverviewMap.json",
        "visible": false
      },
      {
        "uri": "widgets/HomeButton/Widget",
        "position": {
          "left": 7,
          "top": 75,
          "relativeTo": "map"
        },
        "version": "2.23",
        "id": "widgets_HomeButton_Widget_11",
        "name": "HomeButton"
      },
      {
        "uri": "widgets/MyLocation/Widget",
        "position": {
          "left": 7,
          "top": 110,
          "relativeTo": "map"
        },
        "version": "2.23",
        "id": "MyLocation",
        "name": "MyLocation",
        "config": "configs/MyLocation/config_MyLocation.json",
        "visible": false
      },
      {
        "uri": "widgets/AttributeTable/Widget",
        "position": {
          "relativeTo": "browser"
        },
        "version": "2.23",
        "id": "AttributeTable",
        "config": "configs/AttributeTable/config_AerialImageryAttributeTable.json",
        "name": "AttributeTable"
      },
      {
        "uri": "widgets/Splash/Widget",
        "visible": false,
        "position": {
          "relativeTo": "browser"
        },
        "version": "2.23",
        "id": "widgets_Splash_Widget_14",
        "name": "Splash"
      },
      {
        "uri": "widgets/ZoomSlider/Widget",
        "position": {
          "top": 5,
          "left": 7,
          "relativeTo": "map"
        },
        "version": "2.23",
        "id": "widgets_ZoomSlider_Widget_15",
        "name": "ZoomSlider"
      },
      {
        "uri": "widgets/ExtentNavigate/Widget",
        "position": {
          "top": 150,
          "left": 7,
          "relativeTo": "map"
        },
        "id": "widgets_ExtentNavigate_Widget_16",
        "name": "ExtentNavigate",
        "version": "2.23"
      },
      {
        "uri": "widgets/FullScreen/Widget",
        "position": {
          "top": 110,
          "left": 7,
          "relativeTo": "map"
        },
        "version": "2.23",
        "id": "widgets_FullScreen_Widget_17",
        "name": "FullScreen"
      }
    ],
    "panel": {
      "uri": "jimu/OnScreenWidgetPanel",
      "position": {
        "relativeTo": "map"
      }
    }
  },
  "map": {
    "3D": false,
    "2D": true,
    "position": {
      "left": 0,
      "top": 40,
      "right": 0,
      "bottom": 0
    },
    "itemId": "8b9611057adc48148c600d343d75031f",
    "mapOptions": {


    },
    "id": "map",
    "portalUrl": "https://dv-gis.dev.southernwater.co.uk/portal",
    "mapRefreshInterval": {
      "useWebMapRefreshInterval": true
    }
  },
  "widgetPool": {
    "panel": {
      "uri": "themes/FoldableTheme/panels/FoldablePanel/Panel",
      "position": {
        "top": 5,
        "right": 5,
        "bottom": 5,
        "zIndex": 5,
        "relativeTo": "map"
      }
    },
    "widgets": [
      {
        "name": "Main Layer Control",
        "version": "2.11",
        "uri": "widgets/MainLayerControl/Widget",
        "config": "configs/MainLayerControl/config_AerialImageryWaterLayerControl.json",
        "index": 2,
        "id": "widgets_GroupedLayerList_Widget_22"
      },
     
      {
        "uri": "widgets/Legend/Widget",
        "version": "2.23",
        "id": "Legend",
        "name": "Legend",
        "index": 4,
        "config": "configs/Legend/config_Legend.json"
      },
     
      
      {
        "name": "Search",
        "label": "Find Non-Address",
        "version": "2.23",
        "uri": "widgets/Search/Widget",
        "config": "configs/Search/config_NonAddressSearchAerialImagery.json",
        "index": 8,
        "id": "NonAddressSearch",
        "position": {
          "relativeTo": "map"
        }
      }
    ]

  },
  "mobileLayout": {
    "widgetOnScreen": {
      "widgets": {
        "widgets/Scalebar/Widget": {
          "position": {
            "left": 7,
            "bottom": 40
          },
          "version": "1.4"
        },
        "widgets/Coordinate/Widget": {
          "position": {
            "left": 7,
            "bottom": 17
          },
          "version": "1.4"
        }
      }
    }
  },
  "loadingPage": {
    "backgroundColor": "#508dca",
    "backgroundImage": {
      "visible": false
    },
    "loadingGif": {
      "visible": true,
      "uri": "configs/loading/images/predefined_loading_1.gif",
      "width": 58,
      "height": 29
    }
  },
  "wabVersion": "2.23",
  "isTemplateApp": true,
  "isWebTier": false,
  "httpProxy": {
    "useProxy": true,
    "alwaysUseProxy": false,
    "url": "https://",
    "rules": []
  }
}
