{
  "defaultTitle": "Test",
  "defaultAuthor": "SW Water",
  "defaultCopyright": "",
  "copyrightEditable": true,
  "popupTitleLabel": "Overlay Address Points",
  "invalidDataError": "Uploaded file does not have required column Address.",
  "uploadDataError": "Error fetching items from CSV file. try uploading again or another file.",
  "locatorURL": "https://dv-gis.dev.southernwater.co.uk/server/rest/services/Locator/os_addressbasepremium_curr_address_locator_latest/GeocodeServer/geocodeAddresses",
  "lacatoroutfields": {
    "field": [
      {
        "name": "Score",
        "alias": "Score",
        "type": "esriFieldTypeDouble"
      },
      {
        "name": "UPRN",
        "alias": "UPRN",
        "type": "esriFieldTypeString"
      },
      {
        "name": "Classification",
        "alias": "Classification",
        "type": "esriFieldTypeString"
      },
      {
        "name": "OfficialRMAddress",
        "alias": "Royal Mail Address",
        "type": "esriFieldTypeString"
      },
      {
        "name": "OfficialLAAddress",
        "alias": "Local Authority Address",
        "type": "esriFieldTypeString"
      },
      {
        "name": "X",
        "alias": "Easting",
        "type": "esriFieldTypeInt"
      },
      {
        "name": "Y",
        "alias": "Northing",
        "type": "esriFieldTypeInt"
      }
    ]
  }
}
